Mid,Date,Opponent,Event,Leg,Player,Won,Darts,CheckoutValue,StartScore
GFwypShh_1754678747671,2025-08-08,Neil Moore,🏆 Cardboard Box Division 🏆 #7,1,Opponent,1,19,4,501
GFwypShh_1754678747671,2025-08-08,Neil Moore,🏆 Cardboard Box Division 🏆 #7,1,You,0,,,501
GFwypShh_1754678747671,2025-08-08,Neil Moore,🏆 Cardboard Box Division 🏆 #7,2,Opponent,0,,,501
GFwypShh_1754678747671,2025-08-08,Neil Moore,🏆 Cardboard Box Division 🏆 #7,2,You,1,47,24,501
GFwypShh_1754678747671,2025-08-08,Neil Moore,🏆 Cardboard Box Division 🏆 #7,3,Opponent,1,35,20,501
GFwypShh_1754678747671,2025-08-08,Neil Moore,🏆 Cardboard Box Division 🏆 #7,3,You,0,,,501
a8q5xgmS_1754683271847,2025-08-08,wayne green,🏆 Cardboard Box Division 🏆 #7,1,You,0,,,501
a8q5xgmS_1754683271847,2025-08-08,wayne green,🏆 Cardboard Box Division 🏆 #7,1,Opponent,1,42,4,501
a8q5xgmS_1754683271847,2025-08-08,wayne green,🏆 Cardboard Box Division 🏆 #7,2,You,0,,,501
a8q5xgmS_1754683271847,2025-08-08,wayne green,🏆 Cardboard Box Division 🏆 #7,2,Opponent,1,57,16,501
cQ1ttuci_1754672776517,2025-08-08,wayne jones🏴󠁧󠁢󠁷󠁬󠁳󠁿🍻🍺🏴󠁧󠁢󠁷󠁬󠁳󠁿🏴󠁧󠁢󠁷󠁬󠁳󠁿,,1,You,0,,,501
cQ1ttuci_1754672776517,2025-08-08,wayne jones🏴󠁧󠁢󠁷󠁬󠁳󠁿🍻🍺🏴󠁧󠁢󠁷󠁬󠁳󠁿🏴󠁧󠁢󠁷󠁬󠁳󠁿,,1,Opponent,1,26,2,501
cQ1ttuci_1754672776517,2025-08-08,wayne jones🏴󠁧󠁢󠁷󠁬󠁳󠁿🍻🍺🏴󠁧󠁢󠁷󠁬󠁳󠁿🏴󠁧󠁢󠁷󠁬󠁳󠁿,,2,You,0,,,501
cQ1ttuci_1754672776517,2025-08-08,wayne jones🏴󠁧󠁢󠁷󠁬󠁳󠁿🍻🍺🏴󠁧󠁢󠁷󠁬󠁳󠁿🏴󠁧󠁢󠁷󠁬󠁳󠁿,,2,Opponent,1,23,70,501
lIbeIOfU_1754681288329,2025-08-08,Alex Boag-Munroe,🏆 Cardboard Box Division 🏆 #7,1,Opponent,1,43,4,501
lIbeIOfU_1754681288329,2025-08-08,Alex Boag-Munroe,🏆 Cardboard Box Division 🏆 #7,1,You,0,,,501
lIbeIOfU_1754681288329,2025-08-08,Alex Boag-Munroe,🏆 Cardboard Box Division 🏆 #7,2,Opponent,0,,,501
lIbeIOfU_1754681288329,2025-08-08,Alex Boag-Munroe,🏆 Cardboard Box Division 🏆 #7,2,You,1,59,2,501
lIbeIOfU_1754681288329,2025-08-08,Alex Boag-Munroe,🏆 Cardboard Box Division 🏆 #7,3,Opponent,0,,,501
lIbeIOfU_1754681288329,2025-08-08,Alex Boag-Munroe,🏆 Cardboard Box Division 🏆 #7,3,You,1,33,50,501
tIaLZqsW_1754677404080,2025-08-08,Dawid Kopelciw,🏆 Cardboard Box Division 🏆 #7,1,You,1,40,14,501
tIaLZqsW_1754677404080,2025-08-08,Dawid Kopelciw,🏆 Cardboard Box Division 🏆 #7,1,Opponent,0,,,501
tIaLZqsW_1754677404080,2025-08-08,Dawid Kopelciw,🏆 Cardboard Box Division 🏆 #7,2,You,1,34,20,501
tIaLZqsW_1754677404080,2025-08-08,Dawid Kopelciw,🏆 Cardboard Box Division 🏆 #7,2,Opponent,0,,,501
n0Kz8pHl_1755476583942,2025-08-17,Fabian Beltran,,1,You,0,,,501
n0Kz8pHl_1755476583942,2025-08-17,Fabian Beltran,,1,Opponent,1,31,36,501
n0Kz8pHl_1755476583942,2025-08-17,Fabian Beltran,,2,You,0,,,501
n0Kz8pHl_1755476583942,2025-08-17,Fabian Beltran,,2,Opponent,1,37,12,501
oLfRaj1p_1755474075838,2025-08-17,Dinky Evans,,1,You,0,,,501
oLfRaj1p_1755474075838,2025-08-17,Dinky Evans,,1,Opponent,1,29,30,501
oLfRaj1p_1755474075838,2025-08-17,Dinky Evans,,2,You,0,,,501
oLfRaj1p_1755474075838,2025-08-17,Dinky Evans,,2,Opponent,1,51,4,501
1WPOeWg0_1755542086967,2025-08-18,kelvin langley,Dartsmatt Development Tour #10,1,You,1,37,4,501
1WPOeWg0_1755542086967,2025-08-18,kelvin langley,Dartsmatt Development Tour #10,1,Opponent,0,,,501
1WPOeWg0_1755542086967,2025-08-18,kelvin langley,Dartsmatt Development Tour #10,2,You,1,41,6,501
1WPOeWg0_1755542086967,2025-08-18,kelvin langley,Dartsmatt Development Tour #10,2,Opponent,0,,,501
B7EHatWc_1755541389007,2025-08-18,Alexandru 🇷🇴,Dartsmatt Development Tour #10,1,You,0,,,501
B7EHatWc_1755541389007,2025-08-18,Alexandru 🇷🇴,Dartsmatt Development Tour #10,1,Opponent,1,30,9,501
B7EHatWc_1755541389007,2025-08-18,Alexandru 🇷🇴,Dartsmatt Development Tour #10,2,You,0,,,501
B7EHatWc_1755541389007,2025-08-18,Alexandru 🇷🇴,Dartsmatt Development Tour #10,2,Opponent,1,34,40,501
OAtVYb7n_1755543980143,2025-08-18,Alex Boag-Munroe,Dartsmatt Development Tour #10,1,Opponent,1,33,8,501
OAtVYb7n_1755543980143,2025-08-18,Alex Boag-Munroe,Dartsmatt Development Tour #10,1,You,0,,,501
OAtVYb7n_1755543980143,2025-08-18,Alex Boag-Munroe,Dartsmatt Development Tour #10,2,Opponent,0,,,501
OAtVYb7n_1755543980143,2025-08-18,Alex Boag-Munroe,Dartsmatt Development Tour #10,2,You,1,41,40,501
OAtVYb7n_1755543980143,2025-08-18,Alex Boag-Munroe,Dartsmatt Development Tour #10,3,Opponent,1,41,5,501
OAtVYb7n_1755543980143,2025-08-18,Alex Boag-Munroe,Dartsmatt Development Tour #10,3,You,0,,,501
AE2atecd_1756147873244,2025-08-25,Lander Valentin,Dartsmatt Development Tour #11,1,Opponent,0,,,501
AE2atecd_1756147873244,2025-08-25,Lander Valentin,Dartsmatt Development Tour #11,1,You,1,43,4,501
AE2atecd_1756147873244,2025-08-25,Lander Valentin,Dartsmatt Development Tour #11,2,Opponent,1,32,16,501
AE2atecd_1756147873244,2025-08-25,Lander Valentin,Dartsmatt Development Tour #11,2,You,0,,,501
AE2atecd_1756147873244,2025-08-25,Lander Valentin,Dartsmatt Development Tour #11,3,Opponent,1,85,2,501
AE2atecd_1756147873244,2025-08-25,Lander Valentin,Dartsmatt Development Tour #11,3,You,0,,,501
JPdpIrvd_1756146353878,2025-08-25,Richard Harris,Dartsmatt Development Tour #11,1,You,1,34,40,501
JPdpIrvd_1756146353878,2025-08-25,Richard Harris,Dartsmatt Development Tour #11,1,Opponent,0,,,501
JPdpIrvd_1756146353878,2025-08-25,Richard Harris,Dartsmatt Development Tour #11,2,You,0,,,501
JPdpIrvd_1756146353878,2025-08-25,Richard Harris,Dartsmatt Development Tour #11,2,Opponent,1,52,2,501
JPdpIrvd_1756146353878,2025-08-25,Richard Harris,Dartsmatt Development Tour #11,3,You,0,,,501
JPdpIrvd_1756146353878,2025-08-25,Richard Harris,Dartsmatt Development Tour #11,3,Opponent,1,37,16,501
awDIzvO6_1756150708624,2025-08-25,Kevin Newman,Dartsmatt Development Tour #11,1,You,1,48,35,501
awDIzvO6_1756150708624,2025-08-25,Kevin Newman,Dartsmatt Development Tour #11,1,Opponent,0,,,501
awDIzvO6_1756150708624,2025-08-25,Kevin Newman,Dartsmatt Development Tour #11,2,You,0,,,501
awDIzvO6_1756150708624,2025-08-25,Kevin Newman,Dartsmatt Development Tour #11,2,Opponent,1,41,4,501
awDIzvO6_1756150708624,2025-08-25,Kevin Newman,Dartsmatt Development Tour #11,3,You,0,,,501
awDIzvO6_1756150708624,2025-08-25,Kevin Newman,Dartsmatt Development Tour #11,3,Opponent,1,44,10,501
kQtmoRo0_1756149858605,2025-08-25,Alexandru 🇷🇴,Dartsmatt Development Tour #11,1,You,0,,,501
kQtmoRo0_1756149858605,2025-08-25,Alexandru 🇷🇴,Dartsmatt Development Tour #11,1,Opponent,1,48,4,501
kQtmoRo0_1756149858605,2025-08-25,Alexandru 🇷🇴,Dartsmatt Development Tour #11,2,You,0,,,501
kQtmoRo0_1756149858605,2025-08-25,Alexandru 🇷🇴,Dartsmatt Development Tour #11,2,Opponent,1,26,35,501
gVWtR4r5_1758329370561,2025-09-19,Shaun,,1,You,0,,,501
gVWtR4r5_1758329370561,2025-09-19,Shaun,,1,Opponent,1,32,35,501
gVWtR4r5_1758329370561,2025-09-19,Shaun,,2,You,0,,,501
gVWtR4r5_1758329370561,2025-09-19,Shaun,,2,Opponent,1,44,4,501
gVWtR4r5_1758329370561,2025-09-19,Shaun,,3,You,0,,,501
gVWtR4r5_1758329370561,2025-09-19,Shaun,,3,Opponent,1,24,20,501
t32cxhp4_1758307129662,2025-09-19,Mister Blue (cam only),,1,You,0,,,501
t32cxhp4_1758307129662,2025-09-19,Mister Blue (cam only),,1,Opponent,1,35,32,501
t32cxhp4_1758307129662,2025-09-19,Mister Blue (cam only),,2,You,1,51,10,501
t32cxhp4_1758307129662,2025-09-19,Mister Blue (cam only),,2,Opponent,0,,,501
t32cxhp4_1758307129662,2025-09-19,Mister Blue (cam only),,3,You,1,42,32,501
t32cxhp4_1758307129662,2025-09-19,Mister Blue (cam only),,3,Opponent,0,,,501
t32cxhp4_1758307129662,2025-09-19,Mister Blue (cam only),,4,You,1,35,12,501
t32cxhp4_1758307129662,2025-09-19,Mister Blue (cam only),,4,Opponent,0,,,501
fF91MggT_1758375141126,2025-09-20,Jack Daffin,🎯DML Division 4,1,You,1,37,16,501
fF91MggT_1758375141126,2025-09-20,Jack Daffin,🎯DML Division 4,1,Opponent,0,,,501
fF91MggT_1758375141126,2025-09-20,Jack Daffin,🎯DML Division 4,2,You,0,,,501
fF91MggT_1758375141126,2025-09-20,Jack Daffin,🎯DML Division 4,2,Opponent,1,36,8,501
fF91MggT_1758375141126,2025-09-20,Jack Daffin,🎯DML Division 4,3,You,0,,,501
fF91MggT_1758375141126,2025-09-20,Jack Daffin,🎯DML Division 4,3,Opponent,1,53,4,501
fF91MggT_1758375141126,2025-09-20,Jack Daffin,🎯DML Division 4,4,You,0,,,501
fF91MggT_1758375141126,2025-09-20,Jack Daffin,🎯DML Division 4,4,Opponent,1,35,13,501
fF91MggT_1758375141126,2025-09-20,Jack Daffin,🎯DML Division 4,5,You,0,,,501
fF91MggT_1758375141126,2025-09-20,Jack Daffin,🎯DML Division 4,5,Opponent,1,60,4,501
fF91MggT_1758375141126,2025-09-20,Jack Daffin,🎯DML Division 4,6,You,1,38,16,501
fF91MggT_1758375141126,2025-09-20,Jack Daffin,🎯DML Division 4,6,Opponent,0,,,501
fF91MggT_1758375141126,2025-09-20,Jack Daffin,🎯DML Division 4,7,You,0,,,501
fF91MggT_1758375141126,2025-09-20,Jack Daffin,🎯DML Division 4,7,Opponent,1,37,18,501
fF91MggT_1758375141126,2025-09-20,Jack Daffin,🎯DML Division 4,8,You,1,42,32,501
fF91MggT_1758375141126,2025-09-20,Jack Daffin,🎯DML Division 4,8,Opponent,0,,,501
fF91MggT_1758375141126,2025-09-20,Jack Daffin,🎯DML Division 4,9,You,0,,,501
fF91MggT_1758375141126,2025-09-20,Jack Daffin,🎯DML Division 4,9,Opponent,1,31,24,501
zcByV9r1_1758990705968,2025-09-27,Dawid Kopelciw,🎯DML Division 4,1,You,1,45,2,501
zcByV9r1_1758990705968,2025-09-27,Dawid Kopelciw,🎯DML Division 4,1,Opponent,0,,,501
zcByV9r1_1758990705968,2025-09-27,Dawid Kopelciw,🎯DML Division 4,10,You,0,,,501
zcByV9r1_1758990705968,2025-09-27,Dawid Kopelciw,🎯DML Division 4,10,Opponent,1,34,2,501
zcByV9r1_1758990705968,2025-09-27,Dawid Kopelciw,🎯DML Division 4,2,You,0,,,501
zcByV9r1_1758990705968,2025-09-27,Dawid Kopelciw,🎯DML Division 4,2,Opponent,1,34,4,501
zcByV9r1_1758990705968,2025-09-27,Dawid Kopelciw,🎯DML Division 4,3,You,0,,,501
zcByV9r1_1758990705968,2025-09-27,Dawid Kopelciw,🎯DML Division 4,3,Opponent,1,19,20,501
zcByV9r1_1758990705968,2025-09-27,Dawid Kopelciw,🎯DML Division 4,4,You,0,,,501
zcByV9r1_1758990705968,2025-09-27,Dawid Kopelciw,🎯DML Division 4,4,Opponent,1,30,8,501
zcByV9r1_1758990705968,2025-09-27,Dawid Kopelciw,🎯DML Division 4,5,You,0,,,501
zcByV9r1_1758990705968,2025-09-27,Dawid Kopelciw,🎯DML Division 4,5,Opponent,1,32,2,501
zcByV9r1_1758990705968,2025-09-27,Dawid Kopelciw,🎯DML Division 4,6,You,1,32,28,501
zcByV9r1_1758990705968,2025-09-27,Dawid Kopelciw,🎯DML Division 4,6,Opponent,0,,,501
zcByV9r1_1758990705968,2025-09-27,Dawid Kopelciw,🎯DML Division 4,7,You,1,24,103,501
zcByV9r1_1758990705968,2025-09-27,Dawid Kopelciw,🎯DML Division 4,7,Opponent,0,,,501
zcByV9r1_1758990705968,2025-09-27,Dawid Kopelciw,🎯DML Division 4,8,You,1,43,14,501
zcByV9r1_1758990705968,2025-09-27,Dawid Kopelciw,🎯DML Division 4,8,Opponent,0,,,501
zcByV9r1_1758990705968,2025-09-27,Dawid Kopelciw,🎯DML Division 4,9,You,0,,,501
zcByV9r1_1758990705968,2025-09-27,Dawid Kopelciw,🎯DML Division 4,9,Opponent,1,62,2,501
7LYVv4E4_1759171946814,2025-09-29,Tony Bennett,Dartsmatt Development Tour #16,1,Opponent,1,33,40,501
7LYVv4E4_1759171946814,2025-09-29,Tony Bennett,Dartsmatt Development Tour #16,1,You,0,,,501
7LYVv4E4_1759171946814,2025-09-29,Tony Bennett,Dartsmatt Development Tour #16,2,Opponent,1,40,2,501
7LYVv4E4_1759171946814,2025-09-29,Tony Bennett,Dartsmatt Development Tour #16,2,You,0,,,501
UEjgzVVB_1759168957746,2025-09-29,Kevin Newman,Dartsmatt Development Tour #16,1,You,1,35,75,501
UEjgzVVB_1759168957746,2025-09-29,Kevin Newman,Dartsmatt Development Tour #16,1,Opponent,0,,,501
UEjgzVVB_1759168957746,2025-09-29,Kevin Newman,Dartsmatt Development Tour #16,2,You,1,76,2,501
UEjgzVVB_1759168957746,2025-09-29,Kevin Newman,Dartsmatt Development Tour #16,2,Opponent,0,,,501
Uk8QjXu6_1759170309223,2025-09-29,elJebus 0,Dartsmatt Development Tour #16,1,You,1,37,16,501
Uk8QjXu6_1759170309223,2025-09-29,elJebus 0,Dartsmatt Development Tour #16,1,Opponent,0,,,501
Uk8QjXu6_1759170309223,2025-09-29,elJebus 0,Dartsmatt Development Tour #16,2,You,1,39,36,501
Uk8QjXu6_1759170309223,2025-09-29,elJebus 0,Dartsmatt Development Tour #16,2,Opponent,0,,,501
jOdpBTEv_1759172894142,2025-09-29,Alex Boag-Munroe,Dartsmatt Development Tour #16,1,Opponent,1,33,40,501
jOdpBTEv_1759172894142,2025-09-29,Alex Boag-Munroe,Dartsmatt Development Tour #16,1,You,0,,,501
jOdpBTEv_1759172894142,2025-09-29,Alex Boag-Munroe,Dartsmatt Development Tour #16,2,Opponent,1,38,33,501
jOdpBTEv_1759172894142,2025-09-29,Alex Boag-Munroe,Dartsmatt Development Tour #16,2,You,0,,,501
jOdpBTEv_1759172894142,2025-09-29,Alex Boag-Munroe,Dartsmatt Development Tour #16,3,Opponent,0,,,501
jOdpBTEv_1759172894142,2025-09-29,Alex Boag-Munroe,Dartsmatt Development Tour #16,3,You,1,34,16,501
jOdpBTEv_1759172894142,2025-09-29,Alex Boag-Munroe,Dartsmatt Development Tour #16,4,Opponent,1,39,2,501
jOdpBTEv_1759172894142,2025-09-29,Alex Boag-Munroe,Dartsmatt Development Tour #16,4,You,0,,,501
H2e8lxzt_1759689041419,2025-10-05,wayne green,🎯DML Division 4,1,You,0,,,501
H2e8lxzt_1759689041419,2025-10-05,wayne green,🎯DML Division 4,1,Opponent,1,33,34,501
H2e8lxzt_1759689041419,2025-10-05,wayne green,🎯DML Division 4,2,You,0,,,501
H2e8lxzt_1759689041419,2025-10-05,wayne green,🎯DML Division 4,2,Opponent,1,32,8,501
H2e8lxzt_1759689041419,2025-10-05,wayne green,🎯DML Division 4,3,You,0,,,501
H2e8lxzt_1759689041419,2025-10-05,wayne green,🎯DML Division 4,3,Opponent,1,35,32,501
H2e8lxzt_1759689041419,2025-10-05,wayne green,🎯DML Division 4,4,You,1,35,3,501
H2e8lxzt_1759689041419,2025-10-05,wayne green,🎯DML Division 4,4,Opponent,0,,,501
H2e8lxzt_1759689041419,2025-10-05,wayne green,🎯DML Division 4,5,You,0,,,501
H2e8lxzt_1759689041419,2025-10-05,wayne green,🎯DML Division 4,5,Opponent,1,39,24,501
H2e8lxzt_1759689041419,2025-10-05,wayne green,🎯DML Division 4,6,You,0,,,501
H2e8lxzt_1759689041419,2025-10-05,wayne green,🎯DML Division 4,6,Opponent,1,47,10,501
H2e8lxzt_1759689041419,2025-10-05,wayne green,🎯DML Division 4,7,You,0,,,501
H2e8lxzt_1759689041419,2025-10-05,wayne green,🎯DML Division 4,7,Opponent,1,28,22,501
Hmzk5xsI_1759704417111,2025-10-05,mattylad,,1,You,1,33,17,501
Hmzk5xsI_1759704417111,2025-10-05,mattylad,,1,Opponent,0,,,501
Hmzk5xsI_1759704417111,2025-10-05,mattylad,,2,You,0,,,501
Hmzk5xsI_1759704417111,2025-10-05,mattylad,,2,Opponent,1,35,5,501
Hmzk5xsI_1759704417111,2025-10-05,mattylad,,3,You,0,,,501
Hmzk5xsI_1759704417111,2025-10-05,mattylad,,3,Opponent,1,32,10,501
Hmzk5xsI_1759704417111,2025-10-05,mattylad,,4,You,1,52,6,501
Hmzk5xsI_1759704417111,2025-10-05,mattylad,,4,Opponent,0,,,501
vatFBNjn_1759706138095,2025-10-05,Herbalist,,1,You,1,57,2,501
vatFBNjn_1759706138095,2025-10-05,Herbalist,,1,Opponent,0,,,501
vatFBNjn_1759706138095,2025-10-05,Herbalist,,2,You,1,50,2,501
vatFBNjn_1759706138095,2025-10-05,Herbalist,,2,Opponent,0,,,501
vatFBNjn_1759706138095,2025-10-05,Herbalist,,3,You,0,,,501
vatFBNjn_1759706138095,2025-10-05,Herbalist,,3,Opponent,1,53,10,501
vatFBNjn_1759706138095,2025-10-05,Herbalist,,4,You,1,63,4,501
vatFBNjn_1759706138095,2025-10-05,Herbalist,,4,Opponent,0,,,501
B4BCqy96_1759780546305,2025-10-06,Lander Valentin,Dartsmatt Development Tour #17,1,Opponent,1,35,10,501
B4BCqy96_1759780546305,2025-10-06,Lander Valentin,Dartsmatt Development Tour #17,1,You,0,,,501
B4BCqy96_1759780546305,2025-10-06,Lander Valentin,Dartsmatt Development Tour #17,2,Opponent,1,32,16,501
B4BCqy96_1759780546305,2025-10-06,Lander Valentin,Dartsmatt Development Tour #17,2,You,0,,,501
P36QXMgb_1759773925830,2025-10-06,Alex Boag-Munroe,Dartsmatt Development Tour #17,1,You,0,,,501
P36QXMgb_1759773925830,2025-10-06,Alex Boag-Munroe,Dartsmatt Development Tour #17,1,Opponent,1,34,2,501
P36QXMgb_1759773925830,2025-10-06,Alex Boag-Munroe,Dartsmatt Development Tour #17,2,You,0,,,501
P36QXMgb_1759773925830,2025-10-06,Alex Boag-Munroe,Dartsmatt Development Tour #17,2,Opponent,1,34,16,501
Y1DbfRue_1759778086273,2025-10-06,Ian Evans,Dartsmatt Development Tour #17,1,You,0,,,501
Y1DbfRue_1759778086273,2025-10-06,Ian Evans,Dartsmatt Development Tour #17,1,Opponent,1,35,35,501
Y1DbfRue_1759778086273,2025-10-06,Ian Evans,Dartsmatt Development Tour #17,2,You,0,,,501
Y1DbfRue_1759778086273,2025-10-06,Ian Evans,Dartsmatt Development Tour #17,2,Opponent,1,36,64,501
fuNQeZNG_1759776410727,2025-10-06,Tony Bennett,Dartsmatt Development Tour #17,1,You,1,42,20,501
fuNQeZNG_1759776410727,2025-10-06,Tony Bennett,Dartsmatt Development Tour #17,1,Opponent,0,,,501
fuNQeZNG_1759776410727,2025-10-06,Tony Bennett,Dartsmatt Development Tour #17,2,You,0,,,501
fuNQeZNG_1759776410727,2025-10-06,Tony Bennett,Dartsmatt Development Tour #17,2,Opponent,1,38,30,501
fuNQeZNG_1759776410727,2025-10-06,Tony Bennett,Dartsmatt Development Tour #17,3,You,0,,,501
fuNQeZNG_1759776410727,2025-10-06,Tony Bennett,Dartsmatt Development Tour #17,3,Opponent,1,39,10,501
wyVTs3nG_1759775065633,2025-10-06,Edwin Iżykowski,Dartsmatt Development Tour #17,1,You,0,,,501
wyVTs3nG_1759775065633,2025-10-06,Edwin Iżykowski,Dartsmatt Development Tour #17,1,Opponent,1,31,20,501
wyVTs3nG_1759775065633,2025-10-06,Edwin Iżykowski,Dartsmatt Development Tour #17,2,You,1,62,3,501
wyVTs3nG_1759775065633,2025-10-06,Edwin Iżykowski,Dartsmatt Development Tour #17,2,Opponent,0,,,501
wyVTs3nG_1759775065633,2025-10-06,Edwin Iżykowski,Dartsmatt Development Tour #17,3,You,0,,,501
wyVTs3nG_1759775065633,2025-10-06,Edwin Iżykowski,Dartsmatt Development Tour #17,3,Opponent,1,44,10,501
9aCJ20Ns_1760121381977,2025-10-10,Mark Douglas,Dartsmatt Grand Prix Qualifier 1,1,Opponent,1,35,20,501
9aCJ20Ns_1760121381977,2025-10-10,Mark Douglas,Dartsmatt Grand Prix Qualifier 1,1,You,0,,,501
9aCJ20Ns_1760121381977,2025-10-10,Mark Douglas,Dartsmatt Grand Prix Qualifier 1,2,Opponent,1,29,37,501
9aCJ20Ns_1760121381977,2025-10-10,Mark Douglas,Dartsmatt Grand Prix Qualifier 1,2,You,0,,,501
RHOATt8A_1760119460716,2025-10-10,Ray Plater,Dartsmatt Grand Prix Qualifier 1,1,Opponent,1,24,74,501
RHOATt8A_1760119460716,2025-10-10,Ray Plater,Dartsmatt Grand Prix Qualifier 1,1,You,0,,,501
RHOATt8A_1760119460716,2025-10-10,Ray Plater,Dartsmatt Grand Prix Qualifier 1,2,Opponent,1,26,20,501
RHOATt8A_1760119460716,2025-10-10,Ray Plater,Dartsmatt Grand Prix Qualifier 1,2,You,0,,,501
bVYbgTzA_1760120447667,2025-10-10,Ian Hollies,Dartsmatt Grand Prix Qualifier 1,1,Opponent,0,,,501
bVYbgTzA_1760120447667,2025-10-10,Ian Hollies,Dartsmatt Grand Prix Qualifier 1,1,You,1,53,12,501
bVYbgTzA_1760120447667,2025-10-10,Ian Hollies,Dartsmatt Grand Prix Qualifier 1,2,Opponent,0,,,501
bVYbgTzA_1760120447667,2025-10-10,Ian Hollies,Dartsmatt Grand Prix Qualifier 1,2,You,1,28,10,501
no2hIMfx_1760292015429,2025-10-12,Julie York,🎯DML Division 4,1,You,0,,,501
no2hIMfx_1760292015429,2025-10-12,Julie York,🎯DML Division 4,1,Opponent,1,32,47,501
no2hIMfx_1760292015429,2025-10-12,Julie York,🎯DML Division 4,2,You,0,,,501
no2hIMfx_1760292015429,2025-10-12,Julie York,🎯DML Division 4,2,Opponent,1,50,8,501
no2hIMfx_1760292015429,2025-10-12,Julie York,🎯DML Division 4,3,You,0,,,501
no2hIMfx_1760292015429,2025-10-12,Julie York,🎯DML Division 4,3,Opponent,1,36,4,501
no2hIMfx_1760292015429,2025-10-12,Julie York,🎯DML Division 4,4,You,0,,,501
no2hIMfx_1760292015429,2025-10-12,Julie York,🎯DML Division 4,4,Opponent,1,33,37,501
no2hIMfx_1760292015429,2025-10-12,Julie York,🎯DML Division 4,5,You,0,,,501
no2hIMfx_1760292015429,2025-10-12,Julie York,🎯DML Division 4,5,Opponent,1,30,54,501
no2hIMfx_1760292015429,2025-10-12,Julie York,🎯DML Division 4,6,You,0,,,501
no2hIMfx_1760292015429,2025-10-12,Julie York,🎯DML Division 4,6,Opponent,1,50,8,501
0hByuxp5_1760380013120,2025-10-13,elJebus 0,Dartsmatt Development Tour #18,1,Opponent,1,35,8,501
0hByuxp5_1760380013120,2025-10-13,elJebus 0,Dartsmatt Development Tour #18,1,You,0,,,501
0hByuxp5_1760380013120,2025-10-13,elJebus 0,Dartsmatt Development Tour #18,2,Opponent,1,41,16,501
0hByuxp5_1760380013120,2025-10-13,elJebus 0,Dartsmatt Development Tour #18,2,You,0,,,501
8a0m5q6P_1760381183581,2025-10-13,Michael Lightwood-Rule,Dartsmatt Development Tour #18,1,You,1,41,16,501
8a0m5q6P_1760381183581,2025-10-13,Michael Lightwood-Rule,Dartsmatt Development Tour #18,1,Opponent,0,,,501
8a0m5q6P_1760381183581,2025-10-13,Michael Lightwood-Rule,Dartsmatt Development Tour #18,2,You,0,,,501
8a0m5q6P_1760381183581,2025-10-13,Michael Lightwood-Rule,Dartsmatt Development Tour #18,2,Opponent,1,34,40,501
8a0m5q6P_1760381183581,2025-10-13,Michael Lightwood-Rule,Dartsmatt Development Tour #18,3,You,0,,,501
8a0m5q6P_1760381183581,2025-10-13,Michael Lightwood-Rule,Dartsmatt Development Tour #18,3,Opponent,1,29,28,501
IJwrfCMS_1760378435856,2025-10-13,Leon Taylor,Dartsmatt Development Tour #18,1,You,0,,,501
IJwrfCMS_1760378435856,2025-10-13,Leon Taylor,Dartsmatt Development Tour #18,1,Opponent,1,33,69,501
IJwrfCMS_1760378435856,2025-10-13,Leon Taylor,Dartsmatt Development Tour #18,2,You,0,,,501
IJwrfCMS_1760378435856,2025-10-13,Leon Taylor,Dartsmatt Development Tour #18,2,Opponent,1,26,24,501
YYvWb6CU_1760985154330,2025-10-20,elJebus 0,Dartsmatt Development Tour #19,1,Opponent,1,51,8,501
YYvWb6CU_1760985154330,2025-10-20,elJebus 0,Dartsmatt Development Tour #19,1,You,0,,,501
YYvWb6CU_1760985154330,2025-10-20,elJebus 0,Dartsmatt Development Tour #19,2,Opponent,1,53,8,501
YYvWb6CU_1760985154330,2025-10-20,elJebus 0,Dartsmatt Development Tour #19,2,You,0,,,501
w6hoJEYg_1760986842795,2025-10-20,Tony Bennett,Dartsmatt Development Tour #19,1,Opponent,1,32,28,501
w6hoJEYg_1760986842795,2025-10-20,Tony Bennett,Dartsmatt Development Tour #19,1,You,0,,,501
w6hoJEYg_1760986842795,2025-10-20,Tony Bennett,Dartsmatt Development Tour #19,2,Opponent,1,34,32,501
w6hoJEYg_1760986842795,2025-10-20,Tony Bennett,Dartsmatt Development Tour #19,2,You,0,,,501
DIdUAPCd_1761073093715,2025-10-21,Tony Bennett,🎯DML Division 4,1,Opponent,1,31,40,501
DIdUAPCd_1761073093715,2025-10-21,Tony Bennett,🎯DML Division 4,1,You,0,,,501
DIdUAPCd_1761073093715,2025-10-21,Tony Bennett,🎯DML Division 4,2,Opponent,0,,,501
DIdUAPCd_1761073093715,2025-10-21,Tony Bennett,🎯DML Division 4,2,You,1,41,8,501
DIdUAPCd_1761073093715,2025-10-21,Tony Bennett,🎯DML Division 4,3,Opponent,0,,,501
DIdUAPCd_1761073093715,2025-10-21,Tony Bennett,🎯DML Division 4,3,You,1,45,37,501
DIdUAPCd_1761073093715,2025-10-21,Tony Bennett,🎯DML Division 4,4,Opponent,1,37,16,501
DIdUAPCd_1761073093715,2025-10-21,Tony Bennett,🎯DML Division 4,4,You,0,,,501
DIdUAPCd_1761073093715,2025-10-21,Tony Bennett,🎯DML Division 4,5,Opponent,1,46,4,501
DIdUAPCd_1761073093715,2025-10-21,Tony Bennett,🎯DML Division 4,5,You,0,,,501
DIdUAPCd_1761073093715,2025-10-21,Tony Bennett,🎯DML Division 4,6,Opponent,1,41,9,501
DIdUAPCd_1761073093715,2025-10-21,Tony Bennett,🎯DML Division 4,6,You,0,,,501
DIdUAPCd_1761073093715,2025-10-21,Tony Bennett,🎯DML Division 4,7,Opponent,0,,,501
DIdUAPCd_1761073093715,2025-10-21,Tony Bennett,🎯DML Division 4,7,You,1,43,2,501
DIdUAPCd_1761073093715,2025-10-21,Tony Bennett,🎯DML Division 4,8,Opponent,1,32,10,501
DIdUAPCd_1761073093715,2025-10-21,Tony Bennett,🎯DML Division 4,8,You,0,,,501
DIdUAPCd_1761073093715,2025-10-21,Tony Bennett,🎯DML Division 4,9,Opponent,1,44,7,501
DIdUAPCd_1761073093715,2025-10-21,Tony Bennett,🎯DML Division 4,9,You,0,,,501
UsQe4SEb_1761152366400,2025-10-22,Ian Evans,🎯DML Division 4,1,You,0,,,501
UsQe4SEb_1761152366400,2025-10-22,Ian Evans,🎯DML Division 4,1,Opponent,1,40,8,501
UsQe4SEb_1761152366400,2025-10-22,Ian Evans,🎯DML Division 4,2,You,1,36,40,501
UsQe4SEb_1761152366400,2025-10-22,Ian Evans,🎯DML Division 4,2,Opponent,0,,,501
UsQe4SEb_1761152366400,2025-10-22,Ian Evans,🎯DML Division 4,3,You,1,31,10,501
UsQe4SEb_1761152366400,2025-10-22,Ian Evans,🎯DML Division 4,3,Opponent,0,,,501
UsQe4SEb_1761152366400,2025-10-22,Ian Evans,🎯DML Division 4,4,You,0,,,501
UsQe4SEb_1761152366400,2025-10-22,Ian Evans,🎯DML Division 4,4,Opponent,1,27,26,501
UsQe4SEb_1761152366400,2025-10-22,Ian Evans,🎯DML Division 4,5,You,0,,,501
UsQe4SEb_1761152366400,2025-10-22,Ian Evans,🎯DML Division 4,5,Opponent,1,34,20,501
UsQe4SEb_1761152366400,2025-10-22,Ian Evans,🎯DML Division 4,6,You,0,,,501
UsQe4SEb_1761152366400,2025-10-22,Ian Evans,🎯DML Division 4,6,Opponent,1,55,2,501
UsQe4SEb_1761152366400,2025-10-22,Ian Evans,🎯DML Division 4,7,You,0,,,501
UsQe4SEb_1761152366400,2025-10-22,Ian Evans,🎯DML Division 4,7,Opponent,1,30,10,501
UsQe4SEb_1761152366400,2025-10-22,Ian Evans,🎯DML Division 4,8,You,0,,,501
UsQe4SEb_1761152366400,2025-10-22,Ian Evans,🎯DML Division 4,8,Opponent,1,27,18,501
a3or3CHY_1761235234553,2025-10-23,Dave Duncan,🎯DML Division 4,1,Opponent,1,38,32,501
a3or3CHY_1761235234553,2025-10-23,Dave Duncan,🎯DML Division 4,1,You,0,,,501
a3or3CHY_1761235234553,2025-10-23,Dave Duncan,🎯DML Division 4,2,Opponent,1,33,40,501
a3or3CHY_1761235234553,2025-10-23,Dave Duncan,🎯DML Division 4,2,You,0,,,501
a3or3CHY_1761235234553,2025-10-23,Dave Duncan,🎯DML Division 4,3,Opponent,1,30,94,501
a3or3CHY_1761235234553,2025-10-23,Dave Duncan,🎯DML Division 4,3,You,0,,,501
a3or3CHY_1761235234553,2025-10-23,Dave Duncan,🎯DML Division 4,4,Opponent,1,42,38,501
a3or3CHY_1761235234553,2025-10-23,Dave Duncan,🎯DML Division 4,4,You,0,,,501
a3or3CHY_1761235234553,2025-10-23,Dave Duncan,🎯DML Division 4,5,Opponent,1,43,2,501
a3or3CHY_1761235234553,2025-10-23,Dave Duncan,🎯DML Division 4,5,You,0,,,501
a3or3CHY_1761235234553,2025-10-23,Dave Duncan,🎯DML Division 4,6,Opponent,1,43,8,501
a3or3CHY_1761235234553,2025-10-23,Dave Duncan,🎯DML Division 4,6,You,0,,,501
KZ9C7WOX_1761596352962,2025-10-27,Tony Bennett,Dartsmatt Development Tour #20,1,You,0,,,501
KZ9C7WOX_1761596352962,2025-10-27,Tony Bennett,Dartsmatt Development Tour #20,1,Opponent,1,46,2,501
KZ9C7WOX_1761596352962,2025-10-27,Tony Bennett,Dartsmatt Development Tour #20,2,You,1,34,4,501
KZ9C7WOX_1761596352962,2025-10-27,Tony Bennett,Dartsmatt Development Tour #20,2,Opponent,0,,,501
KZ9C7WOX_1761596352962,2025-10-27,Tony Bennett,Dartsmatt Development Tour #20,3,You,0,,,501
KZ9C7WOX_1761596352962,2025-10-27,Tony Bennett,Dartsmatt Development Tour #20,3,Opponent,1,39,4,501
ckRKb34f_1761593406064,2025-10-27,Dave Duncan,Dartsmatt Development Tour #20,1,You,0,,,501
ckRKb34f_1761593406064,2025-10-27,Dave Duncan,Dartsmatt Development Tour #20,1,Opponent,1,50,8,501
ckRKb34f_1761593406064,2025-10-27,Dave Duncan,Dartsmatt Development Tour #20,2,You,0,,,501
ckRKb34f_1761593406064,2025-10-27,Dave Duncan,Dartsmatt Development Tour #20,2,Opponent,1,27,16,501
kFyJCmAy_1761594830695,2025-10-27,Alex Boag-Munroe,Dartsmatt Development Tour #20,1,Opponent,1,34,36,501
kFyJCmAy_1761594830695,2025-10-27,Alex Boag-Munroe,Dartsmatt Development Tour #20,1,You,0,,,501
kFyJCmAy_1761594830695,2025-10-27,Alex Boag-Munroe,Dartsmatt Development Tour #20,2,Opponent,1,38,8,501
kFyJCmAy_1761594830695,2025-10-27,Alex Boag-Munroe,Dartsmatt Development Tour #20,2,You,0,,,501
4oAlRWEC_1761937238648,2025-10-31,Ian Evans,Dartsmatt Grand Prix Qualifier 4,1,Opponent,0,,,501
4oAlRWEC_1761937238648,2025-10-31,Ian Evans,Dartsmatt Grand Prix Qualifier 4,1,You,1,33,40,501
4oAlRWEC_1761937238648,2025-10-31,Ian Evans,Dartsmatt Grand Prix Qualifier 4,2,Opponent,1,33,62,501
4oAlRWEC_1761937238648,2025-10-31,Ian Evans,Dartsmatt Grand Prix Qualifier 4,2,You,0,,,501
4oAlRWEC_1761937238648,2025-10-31,Ian Evans,Dartsmatt Grand Prix Qualifier 4,3,Opponent,1,36,71,501
4oAlRWEC_1761937238648,2025-10-31,Ian Evans,Dartsmatt Grand Prix Qualifier 4,3,You,0,,,501
GbOASClo_1761938582257,2025-10-31,Ray Plater,Dartsmatt Grand Prix Qualifier 4,1,Opponent,1,32,40,501
GbOASClo_1761938582257,2025-10-31,Ray Plater,Dartsmatt Grand Prix Qualifier 4,1,You,0,,,501
GbOASClo_1761938582257,2025-10-31,Ray Plater,Dartsmatt Grand Prix Qualifier 4,2,Opponent,0,,,501
GbOASClo_1761938582257,2025-10-31,Ray Plater,Dartsmatt Grand Prix Qualifier 4,2,You,1,27,84,501
GbOASClo_1761938582257,2025-10-31,Ray Plater,Dartsmatt Grand Prix Qualifier 4,3,Opponent,1,23,40,501
GbOASClo_1761938582257,2025-10-31,Ray Plater,Dartsmatt Grand Prix Qualifier 4,3,You,0,,,501
FVgCzx4R_1762198515906,2025-11-03,Kevin Newman,Dartsmatt Development Tour #21,1,You,0,,,501
FVgCzx4R_1762198515906,2025-11-03,Kevin Newman,Dartsmatt Development Tour #21,1,Opponent,1,47,34,501
FVgCzx4R_1762198515906,2025-11-03,Kevin Newman,Dartsmatt Development Tour #21,2,You,0,,,501
FVgCzx4R_1762198515906,2025-11-03,Kevin Newman,Dartsmatt Development Tour #21,2,Opponent,1,32,36,501
PF94jGhz_1762197288759,2025-11-03,Michael Lightwood-Rule,Dartsmatt Development Tour #21,1,Opponent,1,38,8,501
PF94jGhz_1762197288759,2025-11-03,Michael Lightwood-Rule,Dartsmatt Development Tour #21,1,You,0,,,501
PF94jGhz_1762197288759,2025-11-03,Michael Lightwood-Rule,Dartsmatt Development Tour #21,2,Opponent,0,,,501
PF94jGhz_1762197288759,2025-11-03,Michael Lightwood-Rule,Dartsmatt Development Tour #21,2,You,1,39,36,501
PF94jGhz_1762197288759,2025-11-03,Michael Lightwood-Rule,Dartsmatt Development Tour #21,3,Opponent,0,,,501
PF94jGhz_1762197288759,2025-11-03,Michael Lightwood-Rule,Dartsmatt Development Tour #21,3,You,1,28,32,501
bDvoyii8_1762200990424,2025-11-03,Tony Bennett,Dartsmatt Development Tour #21,1,You,1,60,4,501
bDvoyii8_1762200990424,2025-11-03,Tony Bennett,Dartsmatt Development Tour #21,1,Opponent,0,,,501
bDvoyii8_1762200990424,2025-11-03,Tony Bennett,Dartsmatt Development Tour #21,2,You,0,,,501
bDvoyii8_1762200990424,2025-11-03,Tony Bennett,Dartsmatt Development Tour #21,2,Opponent,1,38,2,501
bDvoyii8_1762200990424,2025-11-03,Tony Bennett,Dartsmatt Development Tour #21,3,You,1,33,77,501
bDvoyii8_1762200990424,2025-11-03,Tony Bennett,Dartsmatt Development Tour #21,3,Opponent,0,,,501
yz2Zskdo_1762202555026,2025-11-03,Lander Valentin,Dartsmatt Development Tour #21,1,Opponent,0,,,501
yz2Zskdo_1762202555026,2025-11-03,Lander Valentin,Dartsmatt Development Tour #21,1,You,1,33,32,501
yz2Zskdo_1762202555026,2025-11-03,Lander Valentin,Dartsmatt Development Tour #21,2,Opponent,1,45,8,501
yz2Zskdo_1762202555026,2025-11-03,Lander Valentin,Dartsmatt Development Tour #21,2,You,0,,,501
yz2Zskdo_1762202555026,2025-11-03,Lander Valentin,Dartsmatt Development Tour #21,3,Opponent,1,24,42,501
yz2Zskdo_1762202555026,2025-11-03,Lander Valentin,Dartsmatt Development Tour #21,3,You,0,,,501
yz2Zskdo_1762202555026,2025-11-03,Lander Valentin,Dartsmatt Development Tour #21,4,Opponent,1,30,40,501
yz2Zskdo_1762202555026,2025-11-03,Lander Valentin,Dartsmatt Development Tour #21,4,You,0,,,501
PRWZWUiA_1762613781040,2025-11-08,Kevin Newman,🎯DML Division 4,1,Opponent,0,,,501
PRWZWUiA_1762613781040,2025-11-08,Kevin Newman,🎯DML Division 4,1,You,1,34,2,501
PRWZWUiA_1762613781040,2025-11-08,Kevin Newman,🎯DML Division 4,10,Opponent,1,34,36,501
PRWZWUiA_1762613781040,2025-11-08,Kevin Newman,🎯DML Division 4,10,You,0,,,501
PRWZWUiA_1762613781040,2025-11-08,Kevin Newman,🎯DML Division 4,2,Opponent,1,32,40,501
PRWZWUiA_1762613781040,2025-11-08,Kevin Newman,🎯DML Division 4,2,You,0,,,501
PRWZWUiA_1762613781040,2025-11-08,Kevin Newman,🎯DML Division 4,3,Opponent,0,,,501
PRWZWUiA_1762613781040,2025-11-08,Kevin Newman,🎯DML Division 4,3,You,1,73,2,501
PRWZWUiA_1762613781040,2025-11-08,Kevin Newman,🎯DML Division 4,4,Opponent,1,44,8,501
PRWZWUiA_1762613781040,2025-11-08,Kevin Newman,🎯DML Division 4,4,You,0,,,501
PRWZWUiA_1762613781040,2025-11-08,Kevin Newman,🎯DML Division 4,5,Opponent,0,,,501
PRWZWUiA_1762613781040,2025-11-08,Kevin Newman,🎯DML Division 4,5,You,1,39,16,501
PRWZWUiA_1762613781040,2025-11-08,Kevin Newman,🎯DML Division 4,6,Opponent,0,,,501
PRWZWUiA_1762613781040,2025-11-08,Kevin Newman,🎯DML Division 4,6,You,1,59,2,501
PRWZWUiA_1762613781040,2025-11-08,Kevin Newman,🎯DML Division 4,7,Opponent,1,48,16,501
PRWZWUiA_1762613781040,2025-11-08,Kevin Newman,🎯DML Division 4,7,You,0,,,501
PRWZWUiA_1762613781040,2025-11-08,Kevin Newman,🎯DML Division 4,8,Opponent,1,34,4,501
PRWZWUiA_1762613781040,2025-11-08,Kevin Newman,🎯DML Division 4,8,You,0,,,501
PRWZWUiA_1762613781040,2025-11-08,Kevin Newman,🎯DML Division 4,9,Opponent,0,,,501
PRWZWUiA_1762613781040,2025-11-08,Kevin Newman,🎯DML Division 4,9,You,1,47,16,501
Q2lecQVo_1762632034958,2025-11-08,Andy Dunn,🎯DML - November Cash Tournament,1,Opponent,1,27,20,501
Q2lecQVo_1762632034958,2025-11-08,Andy Dunn,🎯DML - November Cash Tournament,1,You,0,,,501
Q2lecQVo_1762632034958,2025-11-08,Andy Dunn,🎯DML - November Cash Tournament,2,Opponent,1,27,64,501
Q2lecQVo_1762632034958,2025-11-08,Andy Dunn,🎯DML - November Cash Tournament,2,You,0,,,501
Q2lecQVo_1762632034958,2025-11-08,Andy Dunn,🎯DML - November Cash Tournament,3,Opponent,0,,,501
Q2lecQVo_1762632034958,2025-11-08,Andy Dunn,🎯DML - November Cash Tournament,3,You,1,31,4,501
Q2lecQVo_1762632034958,2025-11-08,Andy Dunn,🎯DML - November Cash Tournament,4,Opponent,1,23,20,501
Q2lecQVo_1762632034958,2025-11-08,Andy Dunn,🎯DML - November Cash Tournament,4,You,0,,,501
UXfa5mUm_1762628951081,2025-11-08,Brian Booy,🎯DML - November Cash Tournament,1,Opponent,1,23,32,501
UXfa5mUm_1762628951081,2025-11-08,Brian Booy,🎯DML - November Cash Tournament,1,You,0,,,501
UXfa5mUm_1762628951081,2025-11-08,Brian Booy,🎯DML - November Cash Tournament,2,Opponent,0,,,501
UXfa5mUm_1762628951081,2025-11-08,Brian Booy,🎯DML - November Cash Tournament,2,You,1,33,30,501
UXfa5mUm_1762628951081,2025-11-08,Brian Booy,🎯DML - November Cash Tournament,3,Opponent,1,17,35,501
UXfa5mUm_1762628951081,2025-11-08,Brian Booy,🎯DML - November Cash Tournament,3,You,0,,,501
UXfa5mUm_1762628951081,2025-11-08,Brian Booy,🎯DML - November Cash Tournament,4,Opponent,1,19,10,501
UXfa5mUm_1762628951081,2025-11-08,Brian Booy,🎯DML - November Cash Tournament,4,You,0,,,501
d6UYo4bY_1762630287792,2025-11-08,Leighton Jell,🎯DML - November Cash Tournament,1,Opponent,1,45,2,501
d6UYo4bY_1762630287792,2025-11-08,Leighton Jell,🎯DML - November Cash Tournament,1,You,0,,,501
d6UYo4bY_1762630287792,2025-11-08,Leighton Jell,🎯DML - November Cash Tournament,2,Opponent,0,,,501
d6UYo4bY_1762630287792,2025-11-08,Leighton Jell,🎯DML - November Cash Tournament,2,You,1,29,20,501
d6UYo4bY_1762630287792,2025-11-08,Leighton Jell,🎯DML - November Cash Tournament,3,Opponent,1,29,16,501
d6UYo4bY_1762630287792,2025-11-08,Leighton Jell,🎯DML - November Cash Tournament,3,You,0,,,501
d6UYo4bY_1762630287792,2025-11-08,Leighton Jell,🎯DML - November Cash Tournament,4,Opponent,0,,,501
d6UYo4bY_1762630287792,2025-11-08,Leighton Jell,🎯DML - November Cash Tournament,4,You,1,22,16,501
d6UYo4bY_1762630287792,2025-11-08,Leighton Jell,🎯DML - November Cash Tournament,5,Opponent,1,31,20,501
d6UYo4bY_1762630287792,2025-11-08,Leighton Jell,🎯DML - November Cash Tournament,5,You,0,,,501
MArQcfiL_1762801392017,2025-11-10,Kevin Newman,Dartsmatt Development Tour #22,1,Opponent,1,35,14,501
MArQcfiL_1762801392017,2025-11-10,Kevin Newman,Dartsmatt Development Tour #22,1,You,0,,,501
MArQcfiL_1762801392017,2025-11-10,Kevin Newman,Dartsmatt Development Tour #22,2,Opponent,0,,,501
MArQcfiL_1762801392017,2025-11-10,Kevin Newman,Dartsmatt Development Tour #22,2,You,1,35,40,501
MArQcfiL_1762801392017,2025-11-10,Kevin Newman,Dartsmatt Development Tour #22,3,Opponent,0,,,501
MArQcfiL_1762801392017,2025-11-10,Kevin Newman,Dartsmatt Development Tour #22,3,You,1,56,8,501
NzQZmuf9_1762805865754,2025-11-10,Dave Duncan,Dartsmatt Development Tour #22,1,You,0,,,501
NzQZmuf9_1762805865754,2025-11-10,Dave Duncan,Dartsmatt Development Tour #22,1,Opponent,1,35,10,501
NzQZmuf9_1762805865754,2025-11-10,Dave Duncan,Dartsmatt Development Tour #22,2,You,0,,,501
NzQZmuf9_1762805865754,2025-11-10,Dave Duncan,Dartsmatt Development Tour #22,2,Opponent,1,37,14,501
OmL9zsid_1762802887815,2025-11-10,Tony Bennett,Dartsmatt Development Tour #22,1,Opponent,1,35,32,501
OmL9zsid_1762802887815,2025-11-10,Tony Bennett,Dartsmatt Development Tour #22,1,You,0,,,501
OmL9zsid_1762802887815,2025-11-10,Tony Bennett,Dartsmatt Development Tour #22,2,Opponent,1,34,12,501
OmL9zsid_1762802887815,2025-11-10,Tony Bennett,Dartsmatt Development Tour #22,2,You,0,,,501
vsHMoGSg_1762804317942,2025-11-10,elJebus 0,Dartsmatt Development Tour #22,1,You,1,43,8,501
vsHMoGSg_1762804317942,2025-11-10,elJebus 0,Dartsmatt Development Tour #22,1,Opponent,0,,,501
vsHMoGSg_1762804317942,2025-11-10,elJebus 0,Dartsmatt Development Tour #22,2,You,1,38,33,501
vsHMoGSg_1762804317942,2025-11-10,elJebus 0,Dartsmatt Development Tour #22,2,Opponent,0,,,501
DyvPCcMI_1763148125160,2025-11-14,Edwin Iżykowski,Dartsmatt Freebie Friday 1,1,Opponent,0,,,501
DyvPCcMI_1763148125160,2025-11-14,Edwin Iżykowski,Dartsmatt Freebie Friday 1,1,You,1,87,4,501
DyvPCcMI_1763148125160,2025-11-14,Edwin Iżykowski,Dartsmatt Freebie Friday 1,2,Opponent,1,39,30,501
DyvPCcMI_1763148125160,2025-11-14,Edwin Iżykowski,Dartsmatt Freebie Friday 1,2,You,0,,,501
DyvPCcMI_1763148125160,2025-11-14,Edwin Iżykowski,Dartsmatt Freebie Friday 1,3,Opponent,1,39,42,501
DyvPCcMI_1763148125160,2025-11-14,Edwin Iżykowski,Dartsmatt Freebie Friday 1,3,You,0,,,501
ahue996T_1763146901693,2025-11-14,Matt Brown,Dartsmatt Freebie Friday 1,1,You,0,,,501
ahue996T_1763146901693,2025-11-14,Matt Brown,Dartsmatt Freebie Friday 1,1,Opponent,1,27,20,501
ahue996T_1763146901693,2025-11-14,Matt Brown,Dartsmatt Freebie Friday 1,2,You,1,34,40,501
ahue996T_1763146901693,2025-11-14,Matt Brown,Dartsmatt Freebie Friday 1,2,Opponent,0,,,501
ahue996T_1763146901693,2025-11-14,Matt Brown,Dartsmatt Freebie Friday 1,3,You,0,,,501
ahue996T_1763146901693,2025-11-14,Matt Brown,Dartsmatt Freebie Friday 1,3,Opponent,1,33,40,501
cF9Phah5_1763150794266,2025-11-14,Stian Stabell,Dartsmatt Freebie Friday 1,1,Opponent,1,32,32,501
cF9Phah5_1763150794266,2025-11-14,Stian Stabell,Dartsmatt Freebie Friday 1,1,You,0,,,501
cF9Phah5_1763150794266,2025-11-14,Stian Stabell,Dartsmatt Freebie Friday 1,2,Opponent,1,23,20,501
cF9Phah5_1763150794266,2025-11-14,Stian Stabell,Dartsmatt Freebie Friday 1,2,You,0,,,501
j6iyGrq3_1763150251212,2025-11-14,Liam Chivers,Dartsmatt Freebie Friday 1,1,You,0,,,501
j6iyGrq3_1763150251212,2025-11-14,Liam Chivers,Dartsmatt Freebie Friday 1,1,Opponent,1,18,16,501
j6iyGrq3_1763150251212,2025-11-14,Liam Chivers,Dartsmatt Freebie Friday 1,2,You,0,,,501
j6iyGrq3_1763150251212,2025-11-14,Liam Chivers,Dartsmatt Freebie Friday 1,2,Opponent,1,35,4,501
khuBhRzE_1763151465395,2025-11-14,Matthew Edwards,Dartsmatt Freebie Friday 1,1,You,0,,,501
khuBhRzE_1763151465395,2025-11-14,Matthew Edwards,Dartsmatt Freebie Friday 1,1,Opponent,1,25,38,501
khuBhRzE_1763151465395,2025-11-14,Matthew Edwards,Dartsmatt Freebie Friday 1,2,You,0,,,501
khuBhRzE_1763151465395,2025-11-14,Matthew Edwards,Dartsmatt Freebie Friday 1,2,Opponent,1,37,14,501
FXwuhdMJ_1763319629895,2025-11-16,Lander Valentin,🎯DML Division 4,1,Opponent,0,,,501
FXwuhdMJ_1763319629895,2025-11-16,Lander Valentin,🎯DML Division 4,1,You,1,49,8,501
FXwuhdMJ_1763319629895,2025-11-16,Lander Valentin,🎯DML Division 4,2,Opponent,1,39,4,501
FXwuhdMJ_1763319629895,2025-11-16,Lander Valentin,🎯DML Division 4,2,You,0,,,501
FXwuhdMJ_1763319629895,2025-11-16,Lander Valentin,🎯DML Division 4,3,Opponent,1,36,8,501
FXwuhdMJ_1763319629895,2025-11-16,Lander Valentin,🎯DML Division 4,3,You,0,,,501
FXwuhdMJ_1763319629895,2025-11-16,Lander Valentin,🎯DML Division 4,4,Opponent,1,36,6,501
FXwuhdMJ_1763319629895,2025-11-16,Lander Valentin,🎯DML Division 4,4,You,0,,,501
FXwuhdMJ_1763319629895,2025-11-16,Lander Valentin,🎯DML Division 4,5,Opponent,1,37,4,501
FXwuhdMJ_1763319629895,2025-11-16,Lander Valentin,🎯DML Division 4,5,You,0,,,501
FXwuhdMJ_1763319629895,2025-11-16,Lander Valentin,🎯DML Division 4,6,Opponent,1,41,18,501
FXwuhdMJ_1763319629895,2025-11-16,Lander Valentin,🎯DML Division 4,6,You,0,,,501
FXwuhdMJ_1763319629895,2025-11-16,Lander Valentin,🎯DML Division 4,7,Opponent,0,,,501
FXwuhdMJ_1763319629895,2025-11-16,Lander Valentin,🎯DML Division 4,7,You,1,47,32,501
FXwuhdMJ_1763319629895,2025-11-16,Lander Valentin,🎯DML Division 4,8,Opponent,1,37,2,501
FXwuhdMJ_1763319629895,2025-11-16,Lander Valentin,🎯DML Division 4,8,You,0,,,501
0XYgwr0o_1763427164685,2025-11-17,Colin Hass,,1,You,0,,,501
0XYgwr0o_1763427164685,2025-11-17,Colin Hass,,1,Opponent,1,56,4,501
0XYgwr0o_1763427164685,2025-11-17,Colin Hass,,2,You,1,39,32,501
0XYgwr0o_1763427164685,2025-11-17,Colin Hass,,2,Opponent,0,,,501
2kk8QjvT_1763428546836,2025-11-17,Ilco Van Belzen,,1,You,0,,,501
2kk8QjvT_1763428546836,2025-11-17,Ilco Van Belzen,,1,Opponent,1,39,42,501
2kk8QjvT_1763428546836,2025-11-17,Ilco Van Belzen,,2,You,0,,,501
2kk8QjvT_1763428546836,2025-11-17,Ilco Van Belzen,,2,Opponent,1,46,20,501
2kk8QjvT_1763428546836,2025-11-17,Ilco Van Belzen,,3,You,1,34,12,501
2kk8QjvT_1763428546836,2025-11-17,Ilco Van Belzen,,3,Opponent,0,,,501
2kk8QjvT_1763428546836,2025-11-17,Ilco Van Belzen,,4,You,0,,,501
2kk8QjvT_1763428546836,2025-11-17,Ilco Van Belzen,,4,Opponent,1,26,56,501
JTwBaSZT_1763406065766,2025-11-17,Alex Boag-Munroe,Dartsmatt Development Tour #23,1,Opponent,1,44,13,501
JTwBaSZT_1763406065766,2025-11-17,Alex Boag-Munroe,Dartsmatt Development Tour #23,1,You,0,,,501
JTwBaSZT_1763406065766,2025-11-17,Alex Boag-Munroe,Dartsmatt Development Tour #23,2,Opponent,1,36,37,501
JTwBaSZT_1763406065766,2025-11-17,Alex Boag-Munroe,Dartsmatt Development Tour #23,2,You,0,,,501
fFLbv363_1763408713300,2025-11-17,Lander Valentin,Dartsmatt Development Tour #23,1,You,1,38,8,501
fFLbv363_1763408713300,2025-11-17,Lander Valentin,Dartsmatt Development Tour #23,1,Opponent,0,,,501
fFLbv363_1763408713300,2025-11-17,Lander Valentin,Dartsmatt Development Tour #23,2,You,0,,,501
fFLbv363_1763408713300,2025-11-17,Lander Valentin,Dartsmatt Development Tour #23,2,Opponent,1,30,60,501
fFLbv363_1763408713300,2025-11-17,Lander Valentin,Dartsmatt Development Tour #23,3,You,0,,,501
fFLbv363_1763408713300,2025-11-17,Lander Valentin,Dartsmatt Development Tour #23,3,Opponent,1,32,41,501
tRfCIjC2_1763407445660,2025-11-17,Tony Bennett,Dartsmatt Development Tour #23,1,You,1,36,40,501
tRfCIjC2_1763407445660,2025-11-17,Tony Bennett,Dartsmatt Development Tour #23,1,Opponent,0,,,501
tRfCIjC2_1763407445660,2025-11-17,Tony Bennett,Dartsmatt Development Tour #23,2,You,0,,,501
tRfCIjC2_1763407445660,2025-11-17,Tony Bennett,Dartsmatt Development Tour #23,2,Opponent,1,36,20,501
tRfCIjC2_1763407445660,2025-11-17,Tony Bennett,Dartsmatt Development Tour #23,3,You,0,,,501
tRfCIjC2_1763407445660,2025-11-17,Tony Bennett,Dartsmatt Development Tour #23,3,Opponent,1,39,20,501
u0ItavVI_1763604420683,2025-11-19,Dan Smith,,1,You,0,,,501
u0ItavVI_1763604420683,2025-11-19,Dan Smith,,1,Opponent,1,40,4,501
u0ItavVI_1763604420683,2025-11-19,Dan Smith,,2,You,0,,,501
u0ItavVI_1763604420683,2025-11-19,Dan Smith,,2,Opponent,1,49,10,501
u0ItavVI_1763604420683,2025-11-19,Dan Smith,,3,You,0,,,501
u0ItavVI_1763604420683,2025-11-19,Dan Smith,,3,Opponent,1,34,8,501
LWAJQy9l_1763771371340,2025-11-21,Stewart,,1,You,0,,,501
LWAJQy9l_1763771371340,2025-11-21,Stewart,,1,Opponent,1,49,8,501
LWAJQy9l_1763771371340,2025-11-21,Stewart,,2,You,0,,,501
LWAJQy9l_1763771371340,2025-11-21,Stewart,,2,Opponent,1,42,16,501
LWAJQy9l_1763771371340,2025-11-21,Stewart,,3,You,1,34,36,501
LWAJQy9l_1763771371340,2025-11-21,Stewart,,3,Opponent,0,,,501
Njyvwx7l_1763752816309,2025-11-21,Dawid Kopelciw,Dartsmatt Friday Freebie 2,1,Opponent,1,40,12,501
Njyvwx7l_1763752816309,2025-11-21,Dawid Kopelciw,Dartsmatt Friday Freebie 2,1,You,0,,,501
Njyvwx7l_1763752816309,2025-11-21,Dawid Kopelciw,Dartsmatt Friday Freebie 2,2,Opponent,1,31,2,501
Njyvwx7l_1763752816309,2025-11-21,Dawid Kopelciw,Dartsmatt Friday Freebie 2,2,You,0,,,501
YCinpqGI_1763754771709,2025-11-21,Andy Mercier Morris,Dartsmatt Friday Freebie 2,1,Opponent,1,35,4,501
YCinpqGI_1763754771709,2025-11-21,Andy Mercier Morris,Dartsmatt Friday Freebie 2,1,You,0,,,501
YCinpqGI_1763754771709,2025-11-21,Andy Mercier Morris,Dartsmatt Friday Freebie 2,2,Opponent,1,23,8,501
YCinpqGI_1763754771709,2025-11-21,Andy Mercier Morris,Dartsmatt Friday Freebie 2,2,You,0,,,501
ZrdZWx5h_1763769767395,2025-11-21,Shaun Fraser,,1,You,1,31,32,501
ZrdZWx5h_1763769767395,2025-11-21,Shaun Fraser,,1,Opponent,0,,,501
ZrdZWx5h_1763769767395,2025-11-21,Shaun Fraser,,2,You,0,,,501
ZrdZWx5h_1763769767395,2025-11-21,Shaun Fraser,,2,Opponent,1,39,32,501
ZrdZWx5h_1763769767395,2025-11-21,Shaun Fraser,,3,You,0,,,501
ZrdZWx5h_1763769767395,2025-11-21,Shaun Fraser,,3,Opponent,1,33,8,501
ZrdZWx5h_1763769767395,2025-11-21,Shaun Fraser,,4,You,0,,,501
ZrdZWx5h_1763769767395,2025-11-21,Shaun Fraser,,4,Opponent,1,24,40,501
ouWvQqhu_1763753876491,2025-11-21,Ed York,Dartsmatt Friday Freebie 2,1,You,0,,,501
ouWvQqhu_1763753876491,2025-11-21,Ed York,Dartsmatt Friday Freebie 2,1,Opponent,1,26,32,501
ouWvQqhu_1763753876491,2025-11-21,Ed York,Dartsmatt Friday Freebie 2,2,You,0,,,501
ouWvQqhu_1763753876491,2025-11-21,Ed York,Dartsmatt Friday Freebie 2,2,Opponent,1,22,8,501
vf4FXg1Y_1763751661202,2025-11-21,Ivan Duje Juroš,Dartsmatt Friday Freebie 2,1,You,0,,,501
vf4FXg1Y_1763751661202,2025-11-21,Ivan Duje Juroš,Dartsmatt Friday Freebie 2,1,Opponent,1,35,22,501
vf4FXg1Y_1763751661202,2025-11-21,Ivan Duje Juroš,Dartsmatt Friday Freebie 2,2,You,1,32,28,501
vf4FXg1Y_1763751661202,2025-11-21,Ivan Duje Juroš,Dartsmatt Friday Freebie 2,2,Opponent,0,,,501
vf4FXg1Y_1763751661202,2025-11-21,Ivan Duje Juroš,Dartsmatt Friday Freebie 2,3,You,0,,,501
vf4FXg1Y_1763751661202,2025-11-21,Ivan Duje Juroš,Dartsmatt Friday Freebie 2,3,Opponent,1,39,8,501
IgC1VNDI_1764013352540,2025-11-24,Kevin Newman,DARTSMATT DEVELOPMENT TOUR #24,1,You,1,62,4,501
IgC1VNDI_1764013352540,2025-11-24,Kevin Newman,DARTSMATT DEVELOPMENT TOUR #24,1,Opponent,0,,,501
IgC1VNDI_1764013352540,2025-11-24,Kevin Newman,DARTSMATT DEVELOPMENT TOUR #24,2,You,0,,,501
IgC1VNDI_1764013352540,2025-11-24,Kevin Newman,DARTSMATT DEVELOPMENT TOUR #24,2,Opponent,1,39,20,501
IgC1VNDI_1764013352540,2025-11-24,Kevin Newman,DARTSMATT DEVELOPMENT TOUR #24,3,You,1,38,21,501
IgC1VNDI_1764013352540,2025-11-24,Kevin Newman,DARTSMATT DEVELOPMENT TOUR #24,3,Opponent,0,,,501
NPnSXw8X_1764010987611,2025-11-24,kelvin langley,DARTSMATT DEVELOPMENT TOUR #24,1,Opponent,1,33,20,501
NPnSXw8X_1764010987611,2025-11-24,kelvin langley,DARTSMATT DEVELOPMENT TOUR #24,1,You,0,,,501
NPnSXw8X_1764010987611,2025-11-24,kelvin langley,DARTSMATT DEVELOPMENT TOUR #24,2,Opponent,0,,,501
NPnSXw8X_1764010987611,2025-11-24,kelvin langley,DARTSMATT DEVELOPMENT TOUR #24,2,You,1,40,16,501
NPnSXw8X_1764010987611,2025-11-24,kelvin langley,DARTSMATT DEVELOPMENT TOUR #24,3,Opponent,0,,,501
NPnSXw8X_1764010987611,2025-11-24,kelvin langley,DARTSMATT DEVELOPMENT TOUR #24,3,You,1,56,4,501
X01G3l5d_1764017521080,2025-11-24,Jack Daffin,DARTSMATT DEVELOPMENT TOUR #24,1,You,1,29,52,501
X01G3l5d_1764017521080,2025-11-24,Jack Daffin,DARTSMATT DEVELOPMENT TOUR #24,1,Opponent,0,,,501
X01G3l5d_1764017521080,2025-11-24,Jack Daffin,DARTSMATT DEVELOPMENT TOUR #24,2,You,0,,,501
X01G3l5d_1764017521080,2025-11-24,Jack Daffin,DARTSMATT DEVELOPMENT TOUR #24,2,Opponent,1,30,32,501
X01G3l5d_1764017521080,2025-11-24,Jack Daffin,DARTSMATT DEVELOPMENT TOUR #24,3,You,0,,,501
X01G3l5d_1764017521080,2025-11-24,Jack Daffin,DARTSMATT DEVELOPMENT TOUR #24,3,Opponent,1,26,24,501
X01G3l5d_1764017521080,2025-11-24,Jack Daffin,DARTSMATT DEVELOPMENT TOUR #24,4,You,0,,,501
X01G3l5d_1764017521080,2025-11-24,Jack Daffin,DARTSMATT DEVELOPMENT TOUR #24,4,Opponent,1,32,2,501
X01G3l5d_1764017521080,2025-11-24,Jack Daffin,DARTSMATT DEVELOPMENT TOUR #24,5,You,1,39,32,501
X01G3l5d_1764017521080,2025-11-24,Jack Daffin,DARTSMATT DEVELOPMENT TOUR #24,5,Opponent,0,,,501
X01G3l5d_1764017521080,2025-11-24,Jack Daffin,DARTSMATT DEVELOPMENT TOUR #24,6,You,0,,,501
X01G3l5d_1764017521080,2025-11-24,Jack Daffin,DARTSMATT DEVELOPMENT TOUR #24,6,Opponent,1,32,4,501
hMSpllpH_1764015839590,2025-11-24,Braden Hinely,DARTSMATT DEVELOPMENT TOUR #24,1,You,1,35,8,501
hMSpllpH_1764015839590,2025-11-24,Braden Hinely,DARTSMATT DEVELOPMENT TOUR #24,1,Opponent,0,,,501
hMSpllpH_1764015839590,2025-11-24,Braden Hinely,DARTSMATT DEVELOPMENT TOUR #24,2,You,1,49,2,501
hMSpllpH_1764015839590,2025-11-24,Braden Hinely,DARTSMATT DEVELOPMENT TOUR #24,2,Opponent,0,,,501
hMSpllpH_1764015839590,2025-11-24,Braden Hinely,DARTSMATT DEVELOPMENT TOUR #24,3,You,1,35,16,501
hMSpllpH_1764015839590,2025-11-24,Braden Hinely,DARTSMATT DEVELOPMENT TOUR #24,3,Opponent,0,,,501
wAVyZCg6_1764012389063,2025-11-24,Jack Daffin,DARTSMATT DEVELOPMENT TOUR #24,1,You,1,40,16,501
wAVyZCg6_1764012389063,2025-11-24,Jack Daffin,DARTSMATT DEVELOPMENT TOUR #24,1,Opponent,0,,,501
wAVyZCg6_1764012389063,2025-11-24,Jack Daffin,DARTSMATT DEVELOPMENT TOUR #24,2,You,1,36,8,501
wAVyZCg6_1764012389063,2025-11-24,Jack Daffin,DARTSMATT DEVELOPMENT TOUR #24,2,Opponent,0,,,501
0x5phnR9_1766803091303,2025-12-26,lim,,1,You,1,45,6,501
0x5phnR9_1766803091303,2025-12-26,lim,,1,Opponent,0,,,501
0x5phnR9_1766803091303,2025-12-26,lim,,2,You,0,,,501
0x5phnR9_1766803091303,2025-12-26,lim,,2,Opponent,1,27,57,501
0x5phnR9_1766803091303,2025-12-26,lim,,3,You,0,,,501
0x5phnR9_1766803091303,2025-12-26,lim,,3,Opponent,1,48,4,501
0x5phnR9_1766803091303,2025-12-26,lim,,4,You,1,49,8,501
0x5phnR9_1766803091303,2025-12-26,lim,,4,Opponent,0,,,501
0x5phnR9_1766803091303,2025-12-26,lim,,5,You,0,,,501
0x5phnR9_1766803091303,2025-12-26,lim,,5,Opponent,1,41,4,501
mivsMrB9_1766862807712,2025-12-27,Adam Pastusiak,,1,You,1,44,30,501
mivsMrB9_1766862807712,2025-12-27,Adam Pastusiak,,1,Opponent,0,,,501
mivsMrB9_1766862807712,2025-12-27,Adam Pastusiak,,2,You,1,34,16,501
mivsMrB9_1766862807712,2025-12-27,Adam Pastusiak,,2,Opponent,0,,,501
mivsMrB9_1766862807712,2025-12-27,Adam Pastusiak,,3,You,1,29,68,501
mivsMrB9_1766862807712,2025-12-27,Adam Pastusiak,,3,Opponent,0,,,501
NaI5ELFy_1766949739684,2025-12-28,Ian Hollies,Dartsmatt Festive Finale Part 1,1,Opponent,1,47,2,501
NaI5ELFy_1766949739684,2025-12-28,Ian Hollies,Dartsmatt Festive Finale Part 1,1,You,0,,,501
NaI5ELFy_1766949739684,2025-12-28,Ian Hollies,Dartsmatt Festive Finale Part 1,2,Opponent,1,20,32,501
NaI5ELFy_1766949739684,2025-12-28,Ian Hollies,Dartsmatt Festive Finale Part 1,2,You,0,,,501
x4SasyKJ_1766951521399,2025-12-28,Alex Boag-Munroe,Dartsmatt Festive Finale Part 1,1,You,0,,,501
x4SasyKJ_1766951521399,2025-12-28,Alex Boag-Munroe,Dartsmatt Festive Finale Part 1,1,Opponent,1,30,76,501
x4SasyKJ_1766951521399,2025-12-28,Alex Boag-Munroe,Dartsmatt Festive Finale Part 1,2,You,0,,,501
x4SasyKJ_1766951521399,2025-12-28,Alex Boag-Munroe,Dartsmatt Festive Finale Part 1,2,Opponent,1,34,18,501
xBBv85BP_1766948112608,2025-12-28,marco besana,Dartsmatt Festive Finale Part 1,1,Opponent,1,32,16,501
xBBv85BP_1766948112608,2025-12-28,marco besana,Dartsmatt Festive Finale Part 1,1,You,0,,,501
xBBv85BP_1766948112608,2025-12-28,marco besana,Dartsmatt Festive Finale Part 1,2,Opponent,1,36,48,501
xBBv85BP_1766948112608,2025-12-28,marco besana,Dartsmatt Festive Finale Part 1,2,You,0,,,501
yqFExCaD_1766953271014,2025-12-28,Shaun White,Dartsmatt Festive Finale Part 1,1,Opponent,1,40,4,501
yqFExCaD_1766953271014,2025-12-28,Shaun White,Dartsmatt Festive Finale Part 1,1,You,0,,,501
yqFExCaD_1766953271014,2025-12-28,Shaun White,Dartsmatt Festive Finale Part 1,2,Opponent,0,,,501
yqFExCaD_1766953271014,2025-12-28,Shaun White,Dartsmatt Festive Finale Part 1,2,You,1,28,20,501
yqFExCaD_1766953271014,2025-12-28,Shaun White,Dartsmatt Festive Finale Part 1,3,Opponent,1,41,16,501
yqFExCaD_1766953271014,2025-12-28,Shaun White,Dartsmatt Festive Finale Part 1,3,You,0,,,501
1k2xYIyb_1767025456955,2025-12-29,Trucker Taz,Dartsmatt Festive Finale Part 2,1,You,0,,,501
1k2xYIyb_1767025456955,2025-12-29,Trucker Taz,Dartsmatt Festive Finale Part 2,1,Opponent,1,33,16,501
1k2xYIyb_1767025456955,2025-12-29,Trucker Taz,Dartsmatt Festive Finale Part 2,2,You,1,37,10,501
1k2xYIyb_1767025456955,2025-12-29,Trucker Taz,Dartsmatt Festive Finale Part 2,2,Opponent,0,,,501
1k2xYIyb_1767025456955,2025-12-29,Trucker Taz,Dartsmatt Festive Finale Part 2,3,You,0,,,501
1k2xYIyb_1767025456955,2025-12-29,Trucker Taz,Dartsmatt Festive Finale Part 2,3,Opponent,1,25,36,501
HjjlbhFc_1767026444403,2025-12-29,Dawid Kopelciw,Dartsmatt Festive Finale Part 2,1,Opponent,1,43,16,501
HjjlbhFc_1767026444403,2025-12-29,Dawid Kopelciw,Dartsmatt Festive Finale Part 2,1,You,0,,,501
HjjlbhFc_1767026444403,2025-12-29,Dawid Kopelciw,Dartsmatt Festive Finale Part 2,2,Opponent,0,,,501
HjjlbhFc_1767026444403,2025-12-29,Dawid Kopelciw,Dartsmatt Festive Finale Part 2,2,You,1,43,8,501
HjjlbhFc_1767026444403,2025-12-29,Dawid Kopelciw,Dartsmatt Festive Finale Part 2,3,Opponent,1,32,40,501
HjjlbhFc_1767026444403,2025-12-29,Dawid Kopelciw,Dartsmatt Festive Finale Part 2,3,You,0,,,501
IfSbkREO_1767024415963,2025-12-29,Adam Bellamy,Dartsmatt Festive Finale Part 2,1,You,0,,,501
IfSbkREO_1767024415963,2025-12-29,Adam Bellamy,Dartsmatt Festive Finale Part 2,1,Opponent,1,14,80,501
IfSbkREO_1767024415963,2025-12-29,Adam Bellamy,Dartsmatt Festive Finale Part 2,2,You,0,,,501
IfSbkREO_1767024415963,2025-12-29,Adam Bellamy,Dartsmatt Festive Finale Part 2,2,Opponent,1,30,36,501
qcnfcs91_1767027990703,2025-12-29,Francesco Aracu,Dartsmatt Festive Finale Part 2,1,Opponent,0,,,501
qcnfcs91_1767027990703,2025-12-29,Francesco Aracu,Dartsmatt Festive Finale Part 2,1,You,1,32,40,501
qcnfcs91_1767027990703,2025-12-29,Francesco Aracu,Dartsmatt Festive Finale Part 2,2,Opponent,0,,,501
qcnfcs91_1767027990703,2025-12-29,Francesco Aracu,Dartsmatt Festive Finale Part 2,2,You,1,44,5,501
mEROqRs7_1767288744776,2026-01-01,Alex Boag-Munroe,,1,Opponent,1,50,2,501
mEROqRs7_1767288744776,2026-01-01,Alex Boag-Munroe,,1,You,0,,,501
mEROqRs7_1767288744776,2026-01-01,Alex Boag-Munroe,,10,Opponent,1,47,4,501
mEROqRs7_1767288744776,2026-01-01,Alex Boag-Munroe,,10,You,0,,,501
mEROqRs7_1767288744776,2026-01-01,Alex Boag-Munroe,,2,Opponent,1,37,32,501
mEROqRs7_1767288744776,2026-01-01,Alex Boag-Munroe,,2,You,0,,,501
mEROqRs7_1767288744776,2026-01-01,Alex Boag-Munroe,,3,Opponent,0,,,501
mEROqRs7_1767288744776,2026-01-01,Alex Boag-Munroe,,3,You,1,33,85,501
mEROqRs7_1767288744776,2026-01-01,Alex Boag-Munroe,,4,Opponent,0,,,501
mEROqRs7_1767288744776,2026-01-01,Alex Boag-Munroe,,4,You,1,41,18,501
mEROqRs7_1767288744776,2026-01-01,Alex Boag-Munroe,,5,Opponent,1,32,52,501
mEROqRs7_1767288744776,2026-01-01,Alex Boag-Munroe,,5,You,0,,,501
mEROqRs7_1767288744776,2026-01-01,Alex Boag-Munroe,,6,Opponent,1,30,89,501
mEROqRs7_1767288744776,2026-01-01,Alex Boag-Munroe,,6,You,0,,,501
mEROqRs7_1767288744776,2026-01-01,Alex Boag-Munroe,,7,Opponent,1,83,4,501
mEROqRs7_1767288744776,2026-01-01,Alex Boag-Munroe,,7,You,0,,,501
mEROqRs7_1767288744776,2026-01-01,Alex Boag-Munroe,,8,Opponent,0,,,501
mEROqRs7_1767288744776,2026-01-01,Alex Boag-Munroe,,8,You,1,42,106,501
mEROqRs7_1767288744776,2026-01-01,Alex Boag-Munroe,,9,Opponent,0,,,501
mEROqRs7_1767288744776,2026-01-01,Alex Boag-Munroe,,9,You,1,43,8,501
20Mgz7WV_1767642819222,2026-01-05,Matthijs Deubel,Dartsmatt Development Tour 2026 #1,1,Opponent,0,,,501
20Mgz7WV_1767642819222,2026-01-05,Matthijs Deubel,Dartsmatt Development Tour 2026 #1,1,You,1,32,6,501
20Mgz7WV_1767642819222,2026-01-05,Matthijs Deubel,Dartsmatt Development Tour 2026 #1,2,Opponent,0,,,501
20Mgz7WV_1767642819222,2026-01-05,Matthijs Deubel,Dartsmatt Development Tour 2026 #1,2,You,1,52,4,501
7Cm9z6FJ_1767639768791,2026-01-05,Richard Harris,Dartsmatt Development Tour 2026 #1,1,Opponent,1,25,26,501
7Cm9z6FJ_1767639768791,2026-01-05,Richard Harris,Dartsmatt Development Tour 2026 #1,1,You,0,,,501
7Cm9z6FJ_1767639768791,2026-01-05,Richard Harris,Dartsmatt Development Tour 2026 #1,2,Opponent,0,,,501
7Cm9z6FJ_1767639768791,2026-01-05,Richard Harris,Dartsmatt Development Tour 2026 #1,2,You,1,52,8,501
7Cm9z6FJ_1767639768791,2026-01-05,Richard Harris,Dartsmatt Development Tour 2026 #1,3,Opponent,0,,,501
7Cm9z6FJ_1767639768791,2026-01-05,Richard Harris,Dartsmatt Development Tour 2026 #1,3,You,1,36,86,501
G6NlJZML_1767644929958,2026-01-05,Kevin Newman,Dartsmatt Development Tour 2026 #1,1,You,1,42,16,501
G6NlJZML_1767644929958,2026-01-05,Kevin Newman,Dartsmatt Development Tour 2026 #1,1,Opponent,0,,,501
G6NlJZML_1767644929958,2026-01-05,Kevin Newman,Dartsmatt Development Tour 2026 #1,2,You,1,29,55,501
G6NlJZML_1767644929958,2026-01-05,Kevin Newman,Dartsmatt Development Tour 2026 #1,2,Opponent,0,,,501
YW7yNmsx_1767641216577,2026-01-05,wayne green,Dartsmatt Development Tour 2026 #1,1,Opponent,0,,,501
YW7yNmsx_1767641216577,2026-01-05,wayne green,Dartsmatt Development Tour 2026 #1,1,You,1,42,87,501
YW7yNmsx_1767641216577,2026-01-05,wayne green,Dartsmatt Development Tour 2026 #1,2,Opponent,1,46,2,501
YW7yNmsx_1767641216577,2026-01-05,wayne green,Dartsmatt Development Tour 2026 #1,2,You,0,,,501
YW7yNmsx_1767641216577,2026-01-05,wayne green,Dartsmatt Development Tour 2026 #1,3,Opponent,0,,,501
YW7yNmsx_1767641216577,2026-01-05,wayne green,Dartsmatt Development Tour 2026 #1,3,You,1,55,4,501
dffOahP6_1767645892025,2026-01-05,Michael Lightwood-Rule,Dartsmatt Development Tour 2026 #1,1,Opponent,0,,,501
dffOahP6_1767645892025,2026-01-05,Michael Lightwood-Rule,Dartsmatt Development Tour 2026 #1,1,You,1,40,8,501
dffOahP6_1767645892025,2026-01-05,Michael Lightwood-Rule,Dartsmatt Development Tour 2026 #1,2,Opponent,1,36,16,501
dffOahP6_1767645892025,2026-01-05,Michael Lightwood-Rule,Dartsmatt Development Tour 2026 #1,2,You,0,,,501
dffOahP6_1767645892025,2026-01-05,Michael Lightwood-Rule,Dartsmatt Development Tour 2026 #1,3,Opponent,1,23,47,501
dffOahP6_1767645892025,2026-01-05,Michael Lightwood-Rule,Dartsmatt Development Tour 2026 #1,3,You,0,,,501
dffOahP6_1767645892025,2026-01-05,Michael Lightwood-Rule,Dartsmatt Development Tour 2026 #1,4,Opponent,1,29,32,501
dffOahP6_1767645892025,2026-01-05,Michael Lightwood-Rule,Dartsmatt Development Tour 2026 #1,4,You,0,,,501
UtmpMY1t_1767900933618,2026-01-08,Nathan Ball,Dartsmatt Thursday Throwdown 11,1,You,0,,,501
UtmpMY1t_1767900933618,2026-01-08,Nathan Ball,Dartsmatt Thursday Throwdown 11,1,Opponent,1,27,40,501
UtmpMY1t_1767900933618,2026-01-08,Nathan Ball,Dartsmatt Thursday Throwdown 11,2,You,0,,,501
UtmpMY1t_1767900933618,2026-01-08,Nathan Ball,Dartsmatt Thursday Throwdown 11,2,Opponent,1,36,2,501
cCoD61l9_1767899962005,2026-01-08,Kevin Newman,Dartsmatt Thursday Throwdown 11,1,You,0,,,501
cCoD61l9_1767899962005,2026-01-08,Kevin Newman,Dartsmatt Thursday Throwdown 11,1,Opponent,1,52,2,501
cCoD61l9_1767899962005,2026-01-08,Kevin Newman,Dartsmatt Thursday Throwdown 11,2,You,0,,,501
cCoD61l9_1767899962005,2026-01-08,Kevin Newman,Dartsmatt Thursday Throwdown 11,2,Opponent,1,25,32,501
r3QwAma1_1767898844403,2026-01-08,Dawid Kopelciw,Dartsmatt Thursday Throwdown 11,1,Opponent,1,26,36,501
r3QwAma1_1767898844403,2026-01-08,Dawid Kopelciw,Dartsmatt Thursday Throwdown 11,1,You,0,,,501
r3QwAma1_1767898844403,2026-01-08,Dawid Kopelciw,Dartsmatt Thursday Throwdown 11,2,Opponent,1,27,119,501
r3QwAma1_1767898844403,2026-01-08,Dawid Kopelciw,Dartsmatt Thursday Throwdown 11,2,You,0,,,501
2nZoFI9L_1768244565818,2026-01-12,Alexandru 🇷🇴,Dartsmatt Development Tour 2026 #2,1,You,1,30,80,501
2nZoFI9L_1768244565818,2026-01-12,Alexandru 🇷🇴,Dartsmatt Development Tour 2026 #2,1,Opponent,0,,,501
2nZoFI9L_1768244565818,2026-01-12,Alexandru 🇷🇴,Dartsmatt Development Tour 2026 #2,2,You,1,32,20,501
2nZoFI9L_1768244565818,2026-01-12,Alexandru 🇷🇴,Dartsmatt Development Tour 2026 #2,2,Opponent,0,,,501
6yzJatfB_1768245313548,2026-01-12,Rudy Pedocchi,Dartsmatt Development Tour 2026 #2,1,Opponent,1,26,12,501
6yzJatfB_1768245313548,2026-01-12,Rudy Pedocchi,Dartsmatt Development Tour 2026 #2,1,You,0,,,501
6yzJatfB_1768245313548,2026-01-12,Rudy Pedocchi,Dartsmatt Development Tour 2026 #2,2,Opponent,0,,,501
6yzJatfB_1768245313548,2026-01-12,Rudy Pedocchi,Dartsmatt Development Tour 2026 #2,2,You,1,48,16,501
6yzJatfB_1768245313548,2026-01-12,Rudy Pedocchi,Dartsmatt Development Tour 2026 #2,3,Opponent,1,24,70,501
6yzJatfB_1768245313548,2026-01-12,Rudy Pedocchi,Dartsmatt Development Tour 2026 #2,3,You,0,,,501
YgshOyEz_1768246641325,2026-01-12,Kevin Newman,Dartsmatt Development Tour 2026 #2,1,You,1,35,41,501
YgshOyEz_1768246641325,2026-01-12,Kevin Newman,Dartsmatt Development Tour 2026 #2,1,Opponent,0,,,501
YgshOyEz_1768246641325,2026-01-12,Kevin Newman,Dartsmatt Development Tour 2026 #2,2,You,1,30,71,501
YgshOyEz_1768246641325,2026-01-12,Kevin Newman,Dartsmatt Development Tour 2026 #2,2,Opponent,0,,,501
gRmivup0_1768247986773,2026-01-12,Alex Concha,Dartsmatt Development Tour 2026 #2,1,You,0,,,501
gRmivup0_1768247986773,2026-01-12,Alex Concha,Dartsmatt Development Tour 2026 #2,1,Opponent,1,31,20,501
gRmivup0_1768247986773,2026-01-12,Alex Concha,Dartsmatt Development Tour 2026 #2,2,You,1,35,36,501
gRmivup0_1768247986773,2026-01-12,Alex Concha,Dartsmatt Development Tour 2026 #2,2,Opponent,0,,,501
gRmivup0_1768247986773,2026-01-12,Alex Concha,Dartsmatt Development Tour 2026 #2,3,You,0,,,501
gRmivup0_1768247986773,2026-01-12,Alex Concha,Dartsmatt Development Tour 2026 #2,3,Opponent,1,38,12,501
GKSkeU9f_1768849208320,2026-01-19,marco besana,Dartsmatt Development Tour 2026 # 3,1,Opponent,1,33,24,501
GKSkeU9f_1768849208320,2026-01-19,marco besana,Dartsmatt Development Tour 2026 # 3,1,You,0,,,501
GKSkeU9f_1768849208320,2026-01-19,marco besana,Dartsmatt Development Tour 2026 # 3,2,Opponent,1,32,32,501
GKSkeU9f_1768849208320,2026-01-19,marco besana,Dartsmatt Development Tour 2026 # 3,2,You,0,,,501
NRqqWAOJ_1768851022400,2026-01-19,Tom Tickner,Dartsmatt Development Tour 2026 # 3,1,You,1,34,2,501
NRqqWAOJ_1768851022400,2026-01-19,Tom Tickner,Dartsmatt Development Tour 2026 # 3,1,Opponent,0,,,501
NRqqWAOJ_1768851022400,2026-01-19,Tom Tickner,Dartsmatt Development Tour 2026 # 3,2,You,1,43,16,501
NRqqWAOJ_1768851022400,2026-01-19,Tom Tickner,Dartsmatt Development Tour 2026 # 3,2,Opponent,0,,,501
wVb6xONf_1768855068060,2026-01-19,Braden Hinely,Dartsmatt Development Tour 2026 # 3,1,Opponent,1,32,32,501
wVb6xONf_1768855068060,2026-01-19,Braden Hinely,Dartsmatt Development Tour 2026 # 3,1,You,0,,,501
wVb6xONf_1768855068060,2026-01-19,Braden Hinely,Dartsmatt Development Tour 2026 # 3,2,Opponent,1,67,4,501
wVb6xONf_1768855068060,2026-01-19,Braden Hinely,Dartsmatt Development Tour 2026 # 3,2,You,0,,,501
9BkCfTVZ_1769457077416,2026-01-26,Alexandru 🇷🇴,Dartsmatt Development Tour 2026 #4,1,You,0,,,501
9BkCfTVZ_1769457077416,2026-01-26,Alexandru 🇷🇴,Dartsmatt Development Tour 2026 #4,1,Opponent,1,29,32,501
9BkCfTVZ_1769457077416,2026-01-26,Alexandru 🇷🇴,Dartsmatt Development Tour 2026 #4,2,You,1,37,8,501
9BkCfTVZ_1769457077416,2026-01-26,Alexandru 🇷🇴,Dartsmatt Development Tour 2026 #4,2,Opponent,0,,,501
9BkCfTVZ_1769457077416,2026-01-26,Alexandru 🇷🇴,Dartsmatt Development Tour 2026 #4,3,You,1,40,32,501
9BkCfTVZ_1769457077416,2026-01-26,Alexandru 🇷🇴,Dartsmatt Development Tour 2026 #4,3,Opponent,0,,,501
UeozGEid_1769454036510,2026-01-26,Alex Boag-Munroe,Dartsmatt Development Tour 2026 #4,1,You,0,,,501
UeozGEid_1769454036510,2026-01-26,Alex Boag-Munroe,Dartsmatt Development Tour 2026 #4,1,Opponent,1,37,14,501
UeozGEid_1769454036510,2026-01-26,Alex Boag-Munroe,Dartsmatt Development Tour 2026 #4,2,You,1,52,36,501
UeozGEid_1769454036510,2026-01-26,Alex Boag-Munroe,Dartsmatt Development Tour 2026 #4,2,Opponent,0,,,501
UeozGEid_1769454036510,2026-01-26,Alex Boag-Munroe,Dartsmatt Development Tour 2026 #4,3,You,0,,,501
UeozGEid_1769454036510,2026-01-26,Alex Boag-Munroe,Dartsmatt Development Tour 2026 #4,3,Opponent,1,34,32,501
q5J9jgkW_1769458802631,2026-01-26,Daniel Løvland,Dartsmatt Development Tour 2026 #4,1,You,0,,,501
q5J9jgkW_1769458802631,2026-01-26,Daniel Løvland,Dartsmatt Development Tour 2026 #4,1,Opponent,1,35,16,501
q5J9jgkW_1769458802631,2026-01-26,Daniel Løvland,Dartsmatt Development Tour 2026 #4,2,You,0,,,501
q5J9jgkW_1769458802631,2026-01-26,Daniel Løvland,Dartsmatt Development Tour 2026 #4,2,Opponent,1,32,37,501
tSYFeUIZ_1769455980567,2026-01-26,Alex Concha,Dartsmatt Development Tour 2026 #4,1,Opponent,0,,,501
tSYFeUIZ_1769455980567,2026-01-26,Alex Concha,Dartsmatt Development Tour 2026 #4,1,You,1,42,62,501
tSYFeUIZ_1769455980567,2026-01-26,Alex Concha,Dartsmatt Development Tour 2026 #4,2,Opponent,0,,,501
tSYFeUIZ_1769455980567,2026-01-26,Alex Concha,Dartsmatt Development Tour 2026 #4,2,You,1,40,8,501
ZTfAlO1h_1769540452405,2026-01-27,Rhys Horn,🎯DML - Division 4 - Jan 2026,1,Opponent,1,50,16,501
ZTfAlO1h_1769540452405,2026-01-27,Rhys Horn,🎯DML - Division 4 - Jan 2026,1,You,0,,,501
ZTfAlO1h_1769540452405,2026-01-27,Rhys Horn,🎯DML - Division 4 - Jan 2026,2,Opponent,0,,,501
ZTfAlO1h_1769540452405,2026-01-27,Rhys Horn,🎯DML - Division 4 - Jan 2026,2,You,1,50,2,501
ZTfAlO1h_1769540452405,2026-01-27,Rhys Horn,🎯DML - Division 4 - Jan 2026,3,Opponent,0,,,501
ZTfAlO1h_1769540452405,2026-01-27,Rhys Horn,🎯DML - Division 4 - Jan 2026,3,You,1,32,87,501
ZTfAlO1h_1769540452405,2026-01-27,Rhys Horn,🎯DML - Division 4 - Jan 2026,4,Opponent,1,23,20,501
ZTfAlO1h_1769540452405,2026-01-27,Rhys Horn,🎯DML - Division 4 - Jan 2026,4,You,0,,,501
ZTfAlO1h_1769540452405,2026-01-27,Rhys Horn,🎯DML - Division 4 - Jan 2026,5,Opponent,0,,,501
ZTfAlO1h_1769540452405,2026-01-27,Rhys Horn,🎯DML - Division 4 - Jan 2026,5,You,1,42,5,501
ZTfAlO1h_1769540452405,2026-01-27,Rhys Horn,🎯DML - Division 4 - Jan 2026,6,Opponent,1,36,20,501
ZTfAlO1h_1769540452405,2026-01-27,Rhys Horn,🎯DML - Division 4 - Jan 2026,6,You,0,,,501
IgT0pKIl_1769868053495,2026-01-31,Kevin Newman,🎯DML - Division 4 - Jan 2026,1,Opponent,0,,,501
IgT0pKIl_1769868053495,2026-01-31,Kevin Newman,🎯DML - Division 4 - Jan 2026,1,You,1,41,22,501
IgT0pKIl_1769868053495,2026-01-31,Kevin Newman,🎯DML - Division 4 - Jan 2026,2,Opponent,1,34,32,501
IgT0pKIl_1769868053495,2026-01-31,Kevin Newman,🎯DML - Division 4 - Jan 2026,2,You,0,,,501
IgT0pKIl_1769868053495,2026-01-31,Kevin Newman,🎯DML - Division 4 - Jan 2026,3,Opponent,0,,,501
IgT0pKIl_1769868053495,2026-01-31,Kevin Newman,🎯DML - Division 4 - Jan 2026,3,You,1,34,2,501
IgT0pKIl_1769868053495,2026-01-31,Kevin Newman,🎯DML - Division 4 - Jan 2026,4,Opponent,0,,,501
IgT0pKIl_1769868053495,2026-01-31,Kevin Newman,🎯DML - Division 4 - Jan 2026,4,You,1,31,30,501
IgT0pKIl_1769868053495,2026-01-31,Kevin Newman,🎯DML - Division 4 - Jan 2026,5,Opponent,0,,,501
IgT0pKIl_1769868053495,2026-01-31,Kevin Newman,🎯DML - Division 4 - Jan 2026,5,You,1,40,8,501
AzuqQwuu_1769972536191,2026-02-01,wayne green,🎯DML - Division 4 - Jan 2026,1,You,1,46,8,501
AzuqQwuu_1769972536191,2026-02-01,wayne green,🎯DML - Division 4 - Jan 2026,1,Opponent,0,,,501
AzuqQwuu_1769972536191,2026-02-01,wayne green,🎯DML - Division 4 - Jan 2026,2,You,1,38,8,501
AzuqQwuu_1769972536191,2026-02-01,wayne green,🎯DML - Division 4 - Jan 2026,2,Opponent,0,,,501
AzuqQwuu_1769972536191,2026-02-01,wayne green,🎯DML - Division 4 - Jan 2026,3,You,1,47,4,501
AzuqQwuu_1769972536191,2026-02-01,wayne green,🎯DML - Division 4 - Jan 2026,3,Opponent,0,,,501
AzuqQwuu_1769972536191,2026-02-01,wayne green,🎯DML - Division 4 - Jan 2026,4,You,0,,,501
AzuqQwuu_1769972536191,2026-02-01,wayne green,🎯DML - Division 4 - Jan 2026,4,Opponent,1,46,24,501
AzuqQwuu_1769972536191,2026-02-01,wayne green,🎯DML - Division 4 - Jan 2026,5,You,1,38,33,501
AzuqQwuu_1769972536191,2026-02-01,wayne green,🎯DML - Division 4 - Jan 2026,5,Opponent,0,,,501
dZkcJDaK_1769957993683,2026-02-01,Lander Valentin,🎯DML - Division 4 - Jan 2026,1,Opponent,1,50,4,501
dZkcJDaK_1769957993683,2026-02-01,Lander Valentin,🎯DML - Division 4 - Jan 2026,1,You,0,,,501
dZkcJDaK_1769957993683,2026-02-01,Lander Valentin,🎯DML - Division 4 - Jan 2026,2,Opponent,1,42,42,501
dZkcJDaK_1769957993683,2026-02-01,Lander Valentin,🎯DML - Division 4 - Jan 2026,2,You,0,,,501
dZkcJDaK_1769957993683,2026-02-01,Lander Valentin,🎯DML - Division 4 - Jan 2026,3,Opponent,1,38,16,501
dZkcJDaK_1769957993683,2026-02-01,Lander Valentin,🎯DML - Division 4 - Jan 2026,3,You,0,,,501
dZkcJDaK_1769957993683,2026-02-01,Lander Valentin,🎯DML - Division 4 - Jan 2026,4,Opponent,0,,,501
dZkcJDaK_1769957993683,2026-02-01,Lander Valentin,🎯DML - Division 4 - Jan 2026,4,You,1,38,10,501
dZkcJDaK_1769957993683,2026-02-01,Lander Valentin,🎯DML - Division 4 - Jan 2026,5,Opponent,1,34,32,501
dZkcJDaK_1769957993683,2026-02-01,Lander Valentin,🎯DML - Division 4 - Jan 2026,5,You,0,,,501
26vemvBO_1770663735630,2026-02-09,Braden Hinely,Dartsmatt Development Tour 2026 #6,1,You,0,,,501
26vemvBO_1770663735630,2026-02-09,Braden Hinely,Dartsmatt Development Tour 2026 #6,1,Opponent,1,38,10,501
26vemvBO_1770663735630,2026-02-09,Braden Hinely,Dartsmatt Development Tour 2026 #6,2,You,1,61,2,501
26vemvBO_1770663735630,2026-02-09,Braden Hinely,Dartsmatt Development Tour 2026 #6,2,Opponent,0,,,501
26vemvBO_1770663735630,2026-02-09,Braden Hinely,Dartsmatt Development Tour 2026 #6,3,You,1,40,30,501
26vemvBO_1770663735630,2026-02-09,Braden Hinely,Dartsmatt Development Tour 2026 #6,3,Opponent,0,,,501
hP6uoksV_1770665924634,2026-02-09,kelvin langley,Dartsmatt Development Tour 2026 #6,1,You,0,,,501
hP6uoksV_1770665924634,2026-02-09,kelvin langley,Dartsmatt Development Tour 2026 #6,1,Opponent,1,35,16,501
hP6uoksV_1770665924634,2026-02-09,kelvin langley,Dartsmatt Development Tour 2026 #6,2,You,0,,,501
hP6uoksV_1770665924634,2026-02-09,kelvin langley,Dartsmatt Development Tour 2026 #6,2,Opponent,1,30,101,501
vgZWkZEX_1770667828831,2026-02-09,Rhys Horn,Dartsmatt Development Tour 2026 #6,1,Opponent,1,39,18,501
vgZWkZEX_1770667828831,2026-02-09,Rhys Horn,Dartsmatt Development Tour 2026 #6,1,You,0,,,501
vgZWkZEX_1770667828831,2026-02-09,Rhys Horn,Dartsmatt Development Tour 2026 #6,2,Opponent,1,57,4,501
vgZWkZEX_1770667828831,2026-02-09,Rhys Horn,Dartsmatt Development Tour 2026 #6,2,You,0,,,501
xs9PR2aw_1770767873812,2026-02-10,Dave Duncan,🎯DML - Division 4 - Jan 2026,1,Opponent,1,35,18,501
xs9PR2aw_1770767873812,2026-02-10,Dave Duncan,🎯DML - Division 4 - Jan 2026,1,You,0,,,501
xs9PR2aw_1770767873812,2026-02-10,Dave Duncan,🎯DML - Division 4 - Jan 2026,2,Opponent,0,,,501
xs9PR2aw_1770767873812,2026-02-10,Dave Duncan,🎯DML - Division 4 - Jan 2026,2,You,1,40,12,501
xs9PR2aw_1770767873812,2026-02-10,Dave Duncan,🎯DML - Division 4 - Jan 2026,3,Opponent,0,,,501
xs9PR2aw_1770767873812,2026-02-10,Dave Duncan,🎯DML - Division 4 - Jan 2026,3,You,1,31,32,501
xs9PR2aw_1770767873812,2026-02-10,Dave Duncan,🎯DML - Division 4 - Jan 2026,4,Opponent,1,31,16,501
xs9PR2aw_1770767873812,2026-02-10,Dave Duncan,🎯DML - Division 4 - Jan 2026,4,You,0,,,501
xs9PR2aw_1770767873812,2026-02-10,Dave Duncan,🎯DML - Division 4 - Jan 2026,5,Opponent,1,29,32,501
xs9PR2aw_1770767873812,2026-02-10,Dave Duncan,🎯DML - Division 4 - Jan 2026,5,You,0,,,501
xs9PR2aw_1770767873812,2026-02-10,Dave Duncan,🎯DML - Division 4 - Jan 2026,6,Opponent,1,33,6,501
xs9PR2aw_1770767873812,2026-02-10,Dave Duncan,🎯DML - Division 4 - Jan 2026,6,You,0,,,501
2r1x4jUn_1771167829516,2026-02-15,Tom Tickner,🎯DML - Division 4 - Jan 2026,1,You,0,,,501
2r1x4jUn_1771167829516,2026-02-15,Tom Tickner,🎯DML - Division 4 - Jan 2026,1,Opponent,1,30,97,501
2r1x4jUn_1771167829516,2026-02-15,Tom Tickner,🎯DML - Division 4 - Jan 2026,2,You,0,,,501
2r1x4jUn_1771167829516,2026-02-15,Tom Tickner,🎯DML - Division 4 - Jan 2026,2,Opponent,1,45,4,501
2r1x4jUn_1771167829516,2026-02-15,Tom Tickner,🎯DML - Division 4 - Jan 2026,3,You,1,37,8,501
2r1x4jUn_1771167829516,2026-02-15,Tom Tickner,🎯DML - Division 4 - Jan 2026,3,Opponent,0,,,501
2r1x4jUn_1771167829516,2026-02-15,Tom Tickner,🎯DML - Division 4 - Jan 2026,4,You,0,,,501
2r1x4jUn_1771167829516,2026-02-15,Tom Tickner,🎯DML - Division 4 - Jan 2026,4,Opponent,1,39,40,501
2r1x4jUn_1771167829516,2026-02-15,Tom Tickner,🎯DML - Division 4 - Jan 2026,5,You,1,55,4,501
2r1x4jUn_1771167829516,2026-02-15,Tom Tickner,🎯DML - Division 4 - Jan 2026,5,Opponent,0,,,501
2r1x4jUn_1771167829516,2026-02-15,Tom Tickner,🎯DML - Division 4 - Jan 2026,6,You,0,,,501
2r1x4jUn_1771167829516,2026-02-15,Tom Tickner,🎯DML - Division 4 - Jan 2026,6,Opponent,1,35,56,501
TsYwi9zq_1771171365806,2026-02-15,Alex Concha,🎯DML - Division 4 - Jan 2026,1,Opponent,0,,,501
TsYwi9zq_1771171365806,2026-02-15,Alex Concha,🎯DML - Division 4 - Jan 2026,1,You,1,42,7,501
TsYwi9zq_1771171365806,2026-02-15,Alex Concha,🎯DML - Division 4 - Jan 2026,2,Opponent,1,40,4,501
TsYwi9zq_1771171365806,2026-02-15,Alex Concha,🎯DML - Division 4 - Jan 2026,2,You,0,,,501
TsYwi9zq_1771171365806,2026-02-15,Alex Concha,🎯DML - Division 4 - Jan 2026,3,Opponent,1,44,32,501
TsYwi9zq_1771171365806,2026-02-15,Alex Concha,🎯DML - Division 4 - Jan 2026,3,You,0,,,501
TsYwi9zq_1771171365806,2026-02-15,Alex Concha,🎯DML - Division 4 - Jan 2026,4,Opponent,1,49,8,501
TsYwi9zq_1771171365806,2026-02-15,Alex Concha,🎯DML - Division 4 - Jan 2026,4,You,0,,,501
TsYwi9zq_1771171365806,2026-02-15,Alex Concha,🎯DML - Division 4 - Jan 2026,5,Opponent,0,,,501
TsYwi9zq_1771171365806,2026-02-15,Alex Concha,🎯DML - Division 4 - Jan 2026,5,You,1,32,8,501
TsYwi9zq_1771171365806,2026-02-15,Alex Concha,🎯DML - Division 4 - Jan 2026,6,Opponent,0,,,501
TsYwi9zq_1771171365806,2026-02-15,Alex Concha,🎯DML - Division 4 - Jan 2026,6,You,1,34,12,501
IQahYWXA_1771280485030,2026-02-16,Lander Valentin,,1,Opponent,1,36,50,501
IQahYWXA_1771280485030,2026-02-16,Lander Valentin,,1,You,0,,,501
IQahYWXA_1771280485030,2026-02-16,Lander Valentin,,2,Opponent,1,34,32,501
IQahYWXA_1771280485030,2026-02-16,Lander Valentin,,2,You,0,,,501
N1Zo63Bi_1771276789511,2026-02-16,Edwin Iżykowski,Dartsmatt Development Tour 2026 #7,1,Opponent,1,43,4,501
N1Zo63Bi_1771276789511,2026-02-16,Edwin Iżykowski,Dartsmatt Development Tour 2026 #7,1,You,0,,,501
N1Zo63Bi_1771276789511,2026-02-16,Edwin Iżykowski,Dartsmatt Development Tour 2026 #7,2,Opponent,0,,,501
N1Zo63Bi_1771276789511,2026-02-16,Edwin Iżykowski,Dartsmatt Development Tour 2026 #7,2,You,1,38,54,501
N1Zo63Bi_1771276789511,2026-02-16,Edwin Iżykowski,Dartsmatt Development Tour 2026 #7,3,Opponent,0,,,501
N1Zo63Bi_1771276789511,2026-02-16,Edwin Iżykowski,Dartsmatt Development Tour 2026 #7,3,You,1,31,16,501
N1Zo63Bi_1771276789511,2026-02-16,Edwin Iżykowski,Dartsmatt Development Tour 2026 #7,4,Opponent,0,,,501
N1Zo63Bi_1771276789511,2026-02-16,Edwin Iżykowski,Dartsmatt Development Tour 2026 #7,4,You,1,33,56,501
NZo7qJDe_1771269933766,2026-02-16,Richard Harris,Dartsmatt Development Tour 2026 #7,1,Opponent,0,,,501
NZo7qJDe_1771269933766,2026-02-16,Richard Harris,Dartsmatt Development Tour 2026 #7,1,You,1,33,64,501
NZo7qJDe_1771269933766,2026-02-16,Richard Harris,Dartsmatt Development Tour 2026 #7,2,Opponent,0,,,501
NZo7qJDe_1771269933766,2026-02-16,Richard Harris,Dartsmatt Development Tour 2026 #7,2,You,1,57,22,501
OonErMNV_1771275812142,2026-02-16,Bailey Fox-Roberts,Dartsmatt Development Tour 2026 #7,1,Opponent,0,,,501
OonErMNV_1771275812142,2026-02-16,Bailey Fox-Roberts,Dartsmatt Development Tour 2026 #7,1,You,1,49,2,501
OonErMNV_1771275812142,2026-02-16,Bailey Fox-Roberts,Dartsmatt Development Tour 2026 #7,2,Opponent,0,,,501
OonErMNV_1771275812142,2026-02-16,Bailey Fox-Roberts,Dartsmatt Development Tour 2026 #7,2,You,1,31,26,501
PXzYdngd_1771274402572,2026-02-16,Braden Hinely,Dartsmatt Development Tour 2026 #7,1,Opponent,0,,,501
PXzYdngd_1771274402572,2026-02-16,Braden Hinely,Dartsmatt Development Tour 2026 #7,1,You,1,66,10,501
PXzYdngd_1771274402572,2026-02-16,Braden Hinely,Dartsmatt Development Tour 2026 #7,2,Opponent,0,,,501
PXzYdngd_1771274402572,2026-02-16,Braden Hinely,Dartsmatt Development Tour 2026 #7,2,You,1,26,18,501
VxyYMrhi_1771268552867,2026-02-16,Lander Valentin,Dartsmatt Development Tour 2026 #7,1,You,1,36,47,501
VxyYMrhi_1771268552867,2026-02-16,Lander Valentin,Dartsmatt Development Tour 2026 #7,1,Opponent,0,,,501
VxyYMrhi_1771268552867,2026-02-16,Lander Valentin,Dartsmatt Development Tour 2026 #7,2,You,0,,,501
VxyYMrhi_1771268552867,2026-02-16,Lander Valentin,Dartsmatt Development Tour 2026 #7,2,Opponent,1,33,29,501
VxyYMrhi_1771268552867,2026-02-16,Lander Valentin,Dartsmatt Development Tour 2026 #7,3,You,0,,,501
VxyYMrhi_1771268552867,2026-02-16,Lander Valentin,Dartsmatt Development Tour 2026 #7,3,Opponent,1,42,13,501
Xya7madq_1771272945819,2026-02-16,Rhys Horn,Dartsmatt Development Tour 2026 #7,1,You,1,42,36,501
Xya7madq_1771272945819,2026-02-16,Rhys Horn,Dartsmatt Development Tour 2026 #7,1,Opponent,0,,,501
Xya7madq_1771272945819,2026-02-16,Rhys Horn,Dartsmatt Development Tour 2026 #7,2,You,0,,,501
Xya7madq_1771272945819,2026-02-16,Rhys Horn,Dartsmatt Development Tour 2026 #7,2,Opponent,1,42,5,501
Xya7madq_1771272945819,2026-02-16,Rhys Horn,Dartsmatt Development Tour 2026 #7,3,You,1,30,30,501
Xya7madq_1771272945819,2026-02-16,Rhys Horn,Dartsmatt Development Tour 2026 #7,3,Opponent,0,,,501
gpzvqKnR_1771278379477,2026-02-16,Lander Valentin,Dartsmatt Development Tour 2026 #7,1,Opponent,1,40,16,501
gpzvqKnR_1771278379477,2026-02-16,Lander Valentin,Dartsmatt Development Tour 2026 #7,1,You,0,,,501
gpzvqKnR_1771278379477,2026-02-16,Lander Valentin,Dartsmatt Development Tour 2026 #7,2,Opponent,1,37,8,501
gpzvqKnR_1771278379477,2026-02-16,Lander Valentin,Dartsmatt Development Tour 2026 #7,2,You,0,,,501
8DSTz3sI_1771772542711,2026-02-22,Alex Boag-Munroe,🎯DML - Division 4 - Jan 2026,1,You,0,,,501
8DSTz3sI_1771772542711,2026-02-22,Alex Boag-Munroe,🎯DML - Division 4 - Jan 2026,1,Opponent,1,30,27,501
8DSTz3sI_1771772542711,2026-02-22,Alex Boag-Munroe,🎯DML - Division 4 - Jan 2026,2,You,1,77,2,501
8DSTz3sI_1771772542711,2026-02-22,Alex Boag-Munroe,🎯DML - Division 4 - Jan 2026,2,Opponent,0,,,501
8DSTz3sI_1771772542711,2026-02-22,Alex Boag-Munroe,🎯DML - Division 4 - Jan 2026,3,You,1,30,82,501
8DSTz3sI_1771772542711,2026-02-22,Alex Boag-Munroe,🎯DML - Division 4 - Jan 2026,3,Opponent,0,,,501
8DSTz3sI_1771772542711,2026-02-22,Alex Boag-Munroe,🎯DML - Division 4 - Jan 2026,4,You,0,,,501
8DSTz3sI_1771772542711,2026-02-22,Alex Boag-Munroe,🎯DML - Division 4 - Jan 2026,4,Opponent,1,27,20,501
8DSTz3sI_1771772542711,2026-02-22,Alex Boag-Munroe,🎯DML - Division 4 - Jan 2026,5,You,0,,,501
8DSTz3sI_1771772542711,2026-02-22,Alex Boag-Munroe,🎯DML - Division 4 - Jan 2026,5,Opponent,1,27,55,501
8DSTz3sI_1771772542711,2026-02-22,Alex Boag-Munroe,🎯DML - Division 4 - Jan 2026,6,You,0,,,501
8DSTz3sI_1771772542711,2026-02-22,Alex Boag-Munroe,🎯DML - Division 4 - Jan 2026,6,Opponent,1,40,40,501
6dQXQcUU_1771878022197,2026-02-23,Richard Harris,Dartsmatt Development Tour 2026 #8,1,Opponent,0,,,501
6dQXQcUU_1771878022197,2026-02-23,Richard Harris,Dartsmatt Development Tour 2026 #8,1,You,1,35,51,501
6dQXQcUU_1771878022197,2026-02-23,Richard Harris,Dartsmatt Development Tour 2026 #8,2,Opponent,1,58,2,501
6dQXQcUU_1771878022197,2026-02-23,Richard Harris,Dartsmatt Development Tour 2026 #8,2,You,0,,,501
6dQXQcUU_1771878022197,2026-02-23,Richard Harris,Dartsmatt Development Tour 2026 #8,3,Opponent,0,,,501
6dQXQcUU_1771878022197,2026-02-23,Richard Harris,Dartsmatt Development Tour 2026 #8,3,You,1,43,4,501
XQRXZpl1_1771873330453,2026-02-23,Tom Tickner,Dartsmatt Development Tour 2026 #8,1,You,0,,,501
XQRXZpl1_1771873330453,2026-02-23,Tom Tickner,Dartsmatt Development Tour 2026 #8,1,Opponent,1,33,40,501
XQRXZpl1_1771873330453,2026-02-23,Tom Tickner,Dartsmatt Development Tour 2026 #8,2,You,0,,,501
XQRXZpl1_1771873330453,2026-02-23,Tom Tickner,Dartsmatt Development Tour 2026 #8,2,Opponent,1,31,16,501
je6B5nNQ_1771879632735,2026-02-23,Braden Hinely,Dartsmatt Development Tour 2026 #8,1,You,0,,,501
je6B5nNQ_1771879632735,2026-02-23,Braden Hinely,Dartsmatt Development Tour 2026 #8,1,Opponent,1,42,20,501
je6B5nNQ_1771879632735,2026-02-23,Braden Hinely,Dartsmatt Development Tour 2026 #8,2,You,0,,,501
je6B5nNQ_1771879632735,2026-02-23,Braden Hinely,Dartsmatt Development Tour 2026 #8,2,Opponent,1,36,40,501
je6B5nNQ_1771879632735,2026-02-23,Braden Hinely,Dartsmatt Development Tour 2026 #8,3,You,0,,,501
je6B5nNQ_1771879632735,2026-02-23,Braden Hinely,Dartsmatt Development Tour 2026 #8,3,Opponent,1,51,4,501
wvlEnWqj_1771874133909,2026-02-23,Alex Concha,Dartsmatt Development Tour 2026 #8,1,Opponent,0,,,501
wvlEnWqj_1771874133909,2026-02-23,Alex Concha,Dartsmatt Development Tour 2026 #8,1,You,1,36,64,501
wvlEnWqj_1771874133909,2026-02-23,Alex Concha,Dartsmatt Development Tour 2026 #8,2,Opponent,1,68,4,501
wvlEnWqj_1771874133909,2026-02-23,Alex Concha,Dartsmatt Development Tour 2026 #8,2,You,0,,,501
wvlEnWqj_1771874133909,2026-02-23,Alex Concha,Dartsmatt Development Tour 2026 #8,3,Opponent,0,,,501
wvlEnWqj_1771874133909,2026-02-23,Alex Concha,Dartsmatt Development Tour 2026 #8,3,You,1,36,55,501
lHlaA5aN_1772388053110,2026-03-01,Julie York,🎯DML - Division 4 - Jan 2026,1,Opponent,0,,,501
lHlaA5aN_1772388053110,2026-03-01,Julie York,🎯DML - Division 4 - Jan 2026,1,You,1,25,40,501
lHlaA5aN_1772388053110,2026-03-01,Julie York,🎯DML - Division 4 - Jan 2026,2,Opponent,1,39,10,501
lHlaA5aN_1772388053110,2026-03-01,Julie York,🎯DML - Division 4 - Jan 2026,2,You,0,,,501
lHlaA5aN_1772388053110,2026-03-01,Julie York,🎯DML - Division 4 - Jan 2026,3,Opponent,1,37,18,501
lHlaA5aN_1772388053110,2026-03-01,Julie York,🎯DML - Division 4 - Jan 2026,3,You,0,,,501
lHlaA5aN_1772388053110,2026-03-01,Julie York,🎯DML - Division 4 - Jan 2026,4,Opponent,1,35,32,501
lHlaA5aN_1772388053110,2026-03-01,Julie York,🎯DML - Division 4 - Jan 2026,4,You,0,,,501
lHlaA5aN_1772388053110,2026-03-01,Julie York,🎯DML - Division 4 - Jan 2026,5,Opponent,1,22,40,501
lHlaA5aN_1772388053110,2026-03-01,Julie York,🎯DML - Division 4 - Jan 2026,5,You,0,,,501
2Bzhuwmu_1772478201186,2026-03-02,Lander Valentin,Dartmatt Development Tour 2026 #9,1,Opponent,1,32,16,501
2Bzhuwmu_1772478201186,2026-03-02,Lander Valentin,Dartmatt Development Tour 2026 #9,1,You,0,,,501
2Bzhuwmu_1772478201186,2026-03-02,Lander Valentin,Dartmatt Development Tour 2026 #9,2,Opponent,0,,,501
2Bzhuwmu_1772478201186,2026-03-02,Lander Valentin,Dartmatt Development Tour 2026 #9,2,You,1,35,4,501
2Bzhuwmu_1772478201186,2026-03-02,Lander Valentin,Dartmatt Development Tour 2026 #9,3,Opponent,1,32,16,501
2Bzhuwmu_1772478201186,2026-03-02,Lander Valentin,Dartmatt Development Tour 2026 #9,3,You,0,,,501
MC30DRyf_1772480327923,2026-03-02,Jack Daffin,Dartsmatt Development Tour 2026 #9,1,Opponent,1,37,16,501
MC30DRyf_1772480327923,2026-03-02,Jack Daffin,Dartsmatt Development Tour 2026 #9,1,You,0,,,501
MC30DRyf_1772480327923,2026-03-02,Jack Daffin,Dartsmatt Development Tour 2026 #9,2,Opponent,1,27,56,501
MC30DRyf_1772480327923,2026-03-02,Jack Daffin,Dartsmatt Development Tour 2026 #9,2,You,0,,,501
U4m2GYTI_1772481261582,2026-03-02,Levi Broadhead,Dartsmatt Development Tour 2026 #9,1,You,0,,,501
U4m2GYTI_1772481261582,2026-03-02,Levi Broadhead,Dartsmatt Development Tour 2026 #9,1,Opponent,1,29,55,501
U4m2GYTI_1772481261582,2026-03-02,Levi Broadhead,Dartsmatt Development Tour 2026 #9,2,You,1,34,10,501
U4m2GYTI_1772481261582,2026-03-02,Levi Broadhead,Dartsmatt Development Tour 2026 #9,2,Opponent,0,,,501
U4m2GYTI_1772481261582,2026-03-02,Levi Broadhead,Dartsmatt Development Tour 2026 #9,3,You,0,,,501
U4m2GYTI_1772481261582,2026-03-02,Levi Broadhead,Dartsmatt Development Tour 2026 #9,3,Opponent,1,36,49,501
yFxCHC1T_1772482904278,2026-03-02,Braden Hinely,Dartsmatt Development Tour 2026 #9,1,You,0,,,501
yFxCHC1T_1772482904278,2026-03-02,Braden Hinely,Dartsmatt Development Tour 2026 #9,1,Opponent,1,51,4,501
yFxCHC1T_1772482904278,2026-03-02,Braden Hinely,Dartsmatt Development Tour 2026 #9,2,You,1,41,13,501
yFxCHC1T_1772482904278,2026-03-02,Braden Hinely,Dartsmatt Development Tour 2026 #9,2,Opponent,0,,,501
yFxCHC1T_1772482904278,2026-03-02,Braden Hinely,Dartsmatt Development Tour 2026 #9,3,You,1,49,2,501
yFxCHC1T_1772482904278,2026-03-02,Braden Hinely,Dartsmatt Development Tour 2026 #9,3,Opponent,0,,,501
AFMYAfd2_1773086730234,2026-03-09,Braden Hinely,Dartsmatt Development Tour 2026 #10,1,You,1,79,2,501
AFMYAfd2_1773086730234,2026-03-09,Braden Hinely,Dartsmatt Development Tour 2026 #10,1,Opponent,0,,,501
AFMYAfd2_1773086730234,2026-03-09,Braden Hinely,Dartsmatt Development Tour 2026 #10,2,You,0,,,501
AFMYAfd2_1773086730234,2026-03-09,Braden Hinely,Dartsmatt Development Tour 2026 #10,2,Opponent,1,39,32,501
AFMYAfd2_1773086730234,2026-03-09,Braden Hinely,Dartsmatt Development Tour 2026 #10,3,You,1,33,38,501
AFMYAfd2_1773086730234,2026-03-09,Braden Hinely,Dartsmatt Development Tour 2026 #10,3,Opponent,0,,,501
AcD4yis9_1773085470455,2026-03-09,Tom Tickner,Dartsmatt Development Tour 2026 #10,1,Opponent,0,,,501
AcD4yis9_1773085470455,2026-03-09,Tom Tickner,Dartsmatt Development Tour 2026 #10,1,You,1,30,53,501
AcD4yis9_1773085470455,2026-03-09,Tom Tickner,Dartsmatt Development Tour 2026 #10,2,Opponent,1,39,64,501
AcD4yis9_1773085470455,2026-03-09,Tom Tickner,Dartsmatt Development Tour 2026 #10,2,You,0,,,501
AcD4yis9_1773085470455,2026-03-09,Tom Tickner,Dartsmatt Development Tour 2026 #10,3,Opponent,1,35,32,501
AcD4yis9_1773085470455,2026-03-09,Tom Tickner,Dartsmatt Development Tour 2026 #10,3,You,0,,,501
Fs3G1Bnb_1773084061031,2026-03-09,Lander Valentin,Dartsmatt Development Tour 2026 #10,1,Opponent,0,,,501
Fs3G1Bnb_1773084061031,2026-03-09,Lander Valentin,Dartsmatt Development Tour 2026 #10,1,You,1,41,35,501
Fs3G1Bnb_1773084061031,2026-03-09,Lander Valentin,Dartsmatt Development Tour 2026 #10,2,Opponent,1,38,16,501
Fs3G1Bnb_1773084061031,2026-03-09,Lander Valentin,Dartsmatt Development Tour 2026 #10,2,You,0,,,501
Fs3G1Bnb_1773084061031,2026-03-09,Lander Valentin,Dartsmatt Development Tour 2026 #10,3,Opponent,1,31,16,501
Fs3G1Bnb_1773084061031,2026-03-09,Lander Valentin,Dartsmatt Development Tour 2026 #10,3,You,0,,,501
IvhESbTh_1773088589935,2026-03-09,Alex Boag-Munroe,Dartsmatt Development Tour 2026 #10,1,Opponent,1,33,48,501
IvhESbTh_1773088589935,2026-03-09,Alex Boag-Munroe,Dartsmatt Development Tour 2026 #10,1,You,0,,,501
IvhESbTh_1773088589935,2026-03-09,Alex Boag-Munroe,Dartsmatt Development Tour 2026 #10,2,Opponent,1,34,32,501
IvhESbTh_1773088589935,2026-03-09,Alex Boag-Munroe,Dartsmatt Development Tour 2026 #10,2,You,0,,,501
6n6SOXGX_1773345114342,2026-03-12,Frank Mikalsen,Dartsmatt Thursday Throwndown 20,1,Opponent,1,23,40,501
6n6SOXGX_1773345114342,2026-03-12,Frank Mikalsen,Dartsmatt Thursday Throwndown 20,1,You,0,,,501
6n6SOXGX_1773345114342,2026-03-12,Frank Mikalsen,Dartsmatt Thursday Throwndown 20,2,Opponent,1,22,20,501
6n6SOXGX_1773345114342,2026-03-12,Frank Mikalsen,Dartsmatt Thursday Throwndown 20,2,You,0,,,501
I947X6nk_1773346628232,2026-03-12,Graham Musto,Dartsmatt Thursday Throwndown 20,1,You,0,,,501
I947X6nk_1773346628232,2026-03-12,Graham Musto,Dartsmatt Thursday Throwndown 20,1,Opponent,1,26,32,501
I947X6nk_1773346628232,2026-03-12,Graham Musto,Dartsmatt Thursday Throwndown 20,2,You,0,,,501
I947X6nk_1773346628232,2026-03-12,Graham Musto,Dartsmatt Thursday Throwndown 20,2,Opponent,1,31,2,501
Kl9mDnIx_1773345836223,2026-03-12,Leon Spyrou,Dartsmatt Thursday Throwndown 20,1,You,0,,,501
Kl9mDnIx_1773345836223,2026-03-12,Leon Spyrou,Dartsmatt Thursday Throwndown 20,1,Opponent,1,26,52,501
Kl9mDnIx_1773345836223,2026-03-12,Leon Spyrou,Dartsmatt Thursday Throwndown 20,2,You,0,,,501
Kl9mDnIx_1773345836223,2026-03-12,Leon Spyrou,Dartsmatt Thursday Throwndown 20,2,Opponent,1,35,38,501
XrzGCCfB_1773343906874,2026-03-12,Ian Evans,Dartsmatt Thursday Throwndown 20,1,Opponent,0,,,501
XrzGCCfB_1773343906874,2026-03-12,Ian Evans,Dartsmatt Thursday Throwndown 20,1,You,1,43,32,501
XrzGCCfB_1773343906874,2026-03-12,Ian Evans,Dartsmatt Thursday Throwndown 20,2,Opponent,0,,,501
XrzGCCfB_1773343906874,2026-03-12,Ian Evans,Dartsmatt Thursday Throwndown 20,2,You,1,34,18,501
eXccF1UR_1773342568065,2026-03-12,Zak Louw,Dartsmatt Thursday Throwndown 20,1,Opponent,0,,,501
eXccF1UR_1773342568065,2026-03-12,Zak Louw,Dartsmatt Thursday Throwndown 20,1,You,1,42,40,501
eXccF1UR_1773342568065,2026-03-12,Zak Louw,Dartsmatt Thursday Throwndown 20,2,Opponent,1,34,36,501
eXccF1UR_1773342568065,2026-03-12,Zak Louw,Dartsmatt Thursday Throwndown 20,2,You,0,,,501
eXccF1UR_1773342568065,2026-03-12,Zak Louw,Dartsmatt Thursday Throwndown 20,3,Opponent,1,30,16,501
eXccF1UR_1773342568065,2026-03-12,Zak Louw,Dartsmatt Thursday Throwndown 20,3,You,0,,,501
CvUhohsw_1773687669509,2026-03-16,Lander Valentin,Dartsmatt Development Tour 2026 #11,1,You,0,,,501
CvUhohsw_1773687669509,2026-03-16,Lander Valentin,Dartsmatt Development Tour 2026 #11,1,Opponent,1,58,4,501
CvUhohsw_1773687669509,2026-03-16,Lander Valentin,Dartsmatt Development Tour 2026 #11,2,You,0,,,501
CvUhohsw_1773687669509,2026-03-16,Lander Valentin,Dartsmatt Development Tour 2026 #11,2,Opponent,1,30,16,501
XL0JEnef_1773690262831,2026-03-16,Edwin Iżykowski,Dartsmatt Development Tour 2026 #11,1,You,0,,,501
XL0JEnef_1773690262831,2026-03-16,Edwin Iżykowski,Dartsmatt Development Tour 2026 #11,1,Opponent,1,32,40,501
XL0JEnef_1773690262831,2026-03-16,Edwin Iżykowski,Dartsmatt Development Tour 2026 #11,2,You,1,33,8,501
XL0JEnef_1773690262831,2026-03-16,Edwin Iżykowski,Dartsmatt Development Tour 2026 #11,2,Opponent,0,,,501
XL0JEnef_1773690262831,2026-03-16,Edwin Iżykowski,Dartsmatt Development Tour 2026 #11,3,You,1,20,39,501
XL0JEnef_1773690262831,2026-03-16,Edwin Iżykowski,Dartsmatt Development Tour 2026 #11,3,Opponent,0,,,501
d4eZ5HsD_1773691213850,2026-03-16,Rhys Horn,Dartsmatt Development Tour 2026 #11,1,You,0,,,501
d4eZ5HsD_1773691213850,2026-03-16,Rhys Horn,Dartsmatt Development Tour 2026 #11,1,Opponent,1,45,16,501
d4eZ5HsD_1773691213850,2026-03-16,Rhys Horn,Dartsmatt Development Tour 2026 #11,2,You,1,34,10,501
d4eZ5HsD_1773691213850,2026-03-16,Rhys Horn,Dartsmatt Development Tour 2026 #11,2,Opponent,0,,,501
d4eZ5HsD_1773691213850,2026-03-16,Rhys Horn,Dartsmatt Development Tour 2026 #11,3,You,0,,,501
d4eZ5HsD_1773691213850,2026-03-16,Rhys Horn,Dartsmatt Development Tour 2026 #11,3,Opponent,1,18,72,501
v6hUCjea_1773689312239,2026-03-16,Kevin Newman,Dartsmatt Development Tour 2026 #11,1,Opponent,0,,,501
v6hUCjea_1773689312239,2026-03-16,Kevin Newman,Dartsmatt Development Tour 2026 #11,1,You,1,35,24,501
v6hUCjea_1773689312239,2026-03-16,Kevin Newman,Dartsmatt Development Tour 2026 #11,2,Opponent,1,27,38,501
v6hUCjea_1773689312239,2026-03-16,Kevin Newman,Dartsmatt Development Tour 2026 #11,2,You,0,,,501
v6hUCjea_1773689312239,2026-03-16,Kevin Newman,Dartsmatt Development Tour 2026 #11,3,Opponent,1,30,69,501
v6hUCjea_1773689312239,2026-03-16,Kevin Newman,Dartsmatt Development Tour 2026 #11,3,You,0,,,501
58cr4rK8_1774294272906,2026-03-23,Lewis,Dartsmatt Development Tour 2026 #12,1,You,0,,,501
58cr4rK8_1774294272906,2026-03-23,Lewis,Dartsmatt Development Tour 2026 #12,1,Opponent,1,35,50,501
58cr4rK8_1774294272906,2026-03-23,Lewis,Dartsmatt Development Tour 2026 #12,2,You,0,,,501
58cr4rK8_1774294272906,2026-03-23,Lewis,Dartsmatt Development Tour 2026 #12,2,Opponent,1,42,16,501
Mu2jESMz_1774297304447,2026-03-23,Levi Broadhead,Dartsmatt Development Tour 2026 #12,1,You,1,37,36,501
Mu2jESMz_1774297304447,2026-03-23,Levi Broadhead,Dartsmatt Development Tour 2026 #12,1,Opponent,0,,,501
Mu2jESMz_1774297304447,2026-03-23,Levi Broadhead,Dartsmatt Development Tour 2026 #12,2,You,0,,,501
Mu2jESMz_1774297304447,2026-03-23,Levi Broadhead,Dartsmatt Development Tour 2026 #12,2,Opponent,1,26,30,501
Mu2jESMz_1774297304447,2026-03-23,Levi Broadhead,Dartsmatt Development Tour 2026 #12,3,You,0,,,501
Mu2jESMz_1774297304447,2026-03-23,Levi Broadhead,Dartsmatt Development Tour 2026 #12,3,Opponent,1,41,40,501
lYo7Bb3z_1774292475764,2026-03-23,Alex Boag-Munroe,Dartsmatt Development Tour 2026 #12,1,Opponent,0,,,501
lYo7Bb3z_1774292475764,2026-03-23,Alex Boag-Munroe,Dartsmatt Development Tour 2026 #12,1,You,1,49,4,501
lYo7Bb3z_1774292475764,2026-03-23,Alex Boag-Munroe,Dartsmatt Development Tour 2026 #12,2,Opponent,0,,,501
lYo7Bb3z_1774292475764,2026-03-23,Alex Boag-Munroe,Dartsmatt Development Tour 2026 #12,2,You,1,49,16,501
DB0okVGF_1774896817197,2026-03-30,Levi Broadhead,Dartsmatt Development Tour Finals Night 2026 3rd place match,1,You,0,,,501
DB0okVGF_1774896817197,2026-03-30,Levi Broadhead,Dartsmatt Development Tour Finals Night 2026 3rd place match,1,Opponent,1,42,22,501
DB0okVGF_1774896817197,2026-03-30,Levi Broadhead,Dartsmatt Development Tour Finals Night 2026 3rd place match,2,You,1,40,8,501
DB0okVGF_1774896817197,2026-03-30,Levi Broadhead,Dartsmatt Development Tour Finals Night 2026 3rd place match,2,Opponent,0,,,501
DB0okVGF_1774896817197,2026-03-30,Levi Broadhead,Dartsmatt Development Tour Finals Night 2026 3rd place match,3,You,1,30,30,501
DB0okVGF_1774896817197,2026-03-30,Levi Broadhead,Dartsmatt Development Tour Finals Night 2026 3rd place match,3,Opponent,0,,,501
DB0okVGF_1774896817197,2026-03-30,Levi Broadhead,Dartsmatt Development Tour Finals Night 2026 3rd place match,4,You,0,,,501
DB0okVGF_1774896817197,2026-03-30,Levi Broadhead,Dartsmatt Development Tour Finals Night 2026 3rd place match,4,Opponent,1,36,30,501
DB0okVGF_1774896817197,2026-03-30,Levi Broadhead,Dartsmatt Development Tour Finals Night 2026 3rd place match,5,You,0,,,501
DB0okVGF_1774896817197,2026-03-30,Levi Broadhead,Dartsmatt Development Tour Finals Night 2026 3rd place match,5,Opponent,1,36,37,501
DB0okVGF_1774896817197,2026-03-30,Levi Broadhead,Dartsmatt Development Tour Finals Night 2026 3rd place match,6,You,1,47,2,501
DB0okVGF_1774896817197,2026-03-30,Levi Broadhead,Dartsmatt Development Tour Finals Night 2026 3rd place match,6,Opponent,0,,,501
DB0okVGF_1774896817197,2026-03-30,Levi Broadhead,Dartsmatt Development Tour Finals Night 2026 3rd place match,7,You,0,,,501
DB0okVGF_1774896817197,2026-03-30,Levi Broadhead,Dartsmatt Development Tour Finals Night 2026 3rd place match,7,Opponent,1,48,2,501
w17e0w46_1774893729383,2026-03-30,Lander Valentin,Dartsmatt Development Tour Finals Night 2026,1,Opponent,1,57,2,501
w17e0w46_1774893729383,2026-03-30,Lander Valentin,Dartsmatt Development Tour Finals Night 2026,1,You,0,,,501
w17e0w46_1774893729383,2026-03-30,Lander Valentin,Dartsmatt Development Tour Finals Night 2026,2,Opponent,1,24,56,501
w17e0w46_1774893729383,2026-03-30,Lander Valentin,Dartsmatt Development Tour Finals Night 2026,2,You,0,,,501
w17e0w46_1774893729383,2026-03-30,Lander Valentin,Dartsmatt Development Tour Finals Night 2026,3,Opponent,1,38,32,501
w17e0w46_1774893729383,2026-03-30,Lander Valentin,Dartsmatt Development Tour Finals Night 2026,3,You,0,,,501
w17e0w46_1774893729383,2026-03-30,Lander Valentin,Dartsmatt Development Tour Finals Night 2026,4,Opponent,1,40,2,501
w17e0w46_1774893729383,2026-03-30,Lander Valentin,Dartsmatt Development Tour Finals Night 2026,4,You,0,,,501
w17e0w46_1774893729383,2026-03-30,Lander Valentin,Dartsmatt Development Tour Finals Night 2026,5,Opponent,1,26,50,501
w17e0w46_1774893729383,2026-03-30,Lander Valentin,Dartsmatt Development Tour Finals Night 2026,5,You,0,,,501
0fjF56l0_1775503464506,2026-04-06,Francesco Aracu,DARTSMATT BATTLE OF THE TOURS (NEXT LEVEL) DEV QUALIFIER,1,Opponent,1,45,40,501
0fjF56l0_1775503464506,2026-04-06,Francesco Aracu,DARTSMATT BATTLE OF THE TOURS (NEXT LEVEL) DEV QUALIFIER,1,You,0,,,501
0fjF56l0_1775503464506,2026-04-06,Francesco Aracu,DARTSMATT BATTLE OF THE TOURS (NEXT LEVEL) DEV QUALIFIER,2,Opponent,0,,,501
0fjF56l0_1775503464506,2026-04-06,Francesco Aracu,DARTSMATT BATTLE OF THE TOURS (NEXT LEVEL) DEV QUALIFIER,2,You,1,25,10,501
0fjF56l0_1775503464506,2026-04-06,Francesco Aracu,DARTSMATT BATTLE OF THE TOURS (NEXT LEVEL) DEV QUALIFIER,3,Opponent,1,25,40,501
0fjF56l0_1775503464506,2026-04-06,Francesco Aracu,DARTSMATT BATTLE OF THE TOURS (NEXT LEVEL) DEV QUALIFIER,3,You,0,,,501
5bqzlZ2U_1775501368925,2026-04-06,Braden Hinely,DARTSMATT BATTLE OF THE TOURS (NEXT LEVEL) DEV QUALIFIER,1,You,0,,,501
5bqzlZ2U_1775501368925,2026-04-06,Braden Hinely,DARTSMATT BATTLE OF THE TOURS (NEXT LEVEL) DEV QUALIFIER,1,Opponent,1,42,16,501
5bqzlZ2U_1775501368925,2026-04-06,Braden Hinely,DARTSMATT BATTLE OF THE TOURS (NEXT LEVEL) DEV QUALIFIER,2,You,1,41,8,501
5bqzlZ2U_1775501368925,2026-04-06,Braden Hinely,DARTSMATT BATTLE OF THE TOURS (NEXT LEVEL) DEV QUALIFIER,2,Opponent,0,,,501
5bqzlZ2U_1775501368925,2026-04-06,Braden Hinely,DARTSMATT BATTLE OF THE TOURS (NEXT LEVEL) DEV QUALIFIER,3,You,0,,,501
5bqzlZ2U_1775501368925,2026-04-06,Braden Hinely,DARTSMATT BATTLE OF THE TOURS (NEXT LEVEL) DEV QUALIFIER,3,Opponent,1,31,32,501
Fl9jch4c_1775500235004,2026-04-06,wayne green,DARTSMATT BATTLE OF THE TOURS (NEXT LEVEL) DEV QUALIFIER,1,You,1,46,16,501
Fl9jch4c_1775500235004,2026-04-06,wayne green,DARTSMATT BATTLE OF THE TOURS (NEXT LEVEL) DEV QUALIFIER,1,Opponent,0,,,501
Fl9jch4c_1775500235004,2026-04-06,wayne green,DARTSMATT BATTLE OF THE TOURS (NEXT LEVEL) DEV QUALIFIER,2,You,1,31,40,501
Fl9jch4c_1775500235004,2026-04-06,wayne green,DARTSMATT BATTLE OF THE TOURS (NEXT LEVEL) DEV QUALIFIER,2,Opponent,0,,,501
I2k12oVP_1775498476235,2026-04-06,Alex Boag-Munroe,DARTSMATT BATTLE OF THE TOURS (NEXT LEVEL) DEV QUALIFIER,1,Opponent,0,,,501
I2k12oVP_1775498476235,2026-04-06,Alex Boag-Munroe,DARTSMATT BATTLE OF THE TOURS (NEXT LEVEL) DEV QUALIFIER,1,You,1,53,8,501
I2k12oVP_1775498476235,2026-04-06,Alex Boag-Munroe,DARTSMATT BATTLE OF THE TOURS (NEXT LEVEL) DEV QUALIFIER,2,Opponent,1,39,24,501
I2k12oVP_1775498476235,2026-04-06,Alex Boag-Munroe,DARTSMATT BATTLE OF THE TOURS (NEXT LEVEL) DEV QUALIFIER,2,You,0,,,501
I2k12oVP_1775498476235,2026-04-06,Alex Boag-Munroe,DARTSMATT BATTLE OF THE TOURS (NEXT LEVEL) DEV QUALIFIER,3,Opponent,1,35,10,501
I2k12oVP_1775498476235,2026-04-06,Alex Boag-Munroe,DARTSMATT BATTLE OF THE TOURS (NEXT LEVEL) DEV QUALIFIER,3,You,0,,,501
w3QAMxqa_1775505393825,2026-04-06,Tracey Reeve,DARTSMATT BATTLE OF THE TOURS (NEXT LEVEL) DEV QUALIFIER,1,Opponent,0,,,501
w3QAMxqa_1775505393825,2026-04-06,Tracey Reeve,DARTSMATT BATTLE OF THE TOURS (NEXT LEVEL) DEV QUALIFIER,1,You,1,33,85,501
w3QAMxqa_1775505393825,2026-04-06,Tracey Reeve,DARTSMATT BATTLE OF THE TOURS (NEXT LEVEL) DEV QUALIFIER,2,Opponent,1,38,2,501
w3QAMxqa_1775505393825,2026-04-06,Tracey Reeve,DARTSMATT BATTLE OF THE TOURS (NEXT LEVEL) DEV QUALIFIER,2,You,0,,,501
w3QAMxqa_1775505393825,2026-04-06,Tracey Reeve,DARTSMATT BATTLE OF THE TOURS (NEXT LEVEL) DEV QUALIFIER,3,Opponent,1,33,54,501
w3QAMxqa_1775505393825,2026-04-06,Tracey Reeve,DARTSMATT BATTLE OF THE TOURS (NEXT LEVEL) DEV QUALIFIER,3,You,0,,,501
4UvqDzB6_1776105325952,2026-04-13,Bruce Claridge,Dartsmatt Monday Tour Open Tournament,1,Opponent,1,34,16,501
4UvqDzB6_1776105325952,2026-04-13,Bruce Claridge,Dartsmatt Monday Tour Open Tournament,1,You,0,,,501
4UvqDzB6_1776105325952,2026-04-13,Bruce Claridge,Dartsmatt Monday Tour Open Tournament,2,Opponent,1,41,14,501
4UvqDzB6_1776105325952,2026-04-13,Bruce Claridge,Dartsmatt Monday Tour Open Tournament,2,You,0,,,501
GN9BFwAA_1776104191654,2026-04-13,Steven Llewellyn,Dartsmatt Monday Tour Open Tournament,1,Opponent,1,44,4,501
GN9BFwAA_1776104191654,2026-04-13,Steven Llewellyn,Dartsmatt Monday Tour Open Tournament,1,You,0,,,501
GN9BFwAA_1776104191654,2026-04-13,Steven Llewellyn,Dartsmatt Monday Tour Open Tournament,2,Opponent,1,25,16,501
GN9BFwAA_1776104191654,2026-04-13,Steven Llewellyn,Dartsmatt Monday Tour Open Tournament,2,You,0,,,501
legbrCcR_1776103284361,2026-04-13,Ryan Flynn,Dartsmatt Monday Tour Open Tournament,1,Opponent,1,30,40,501
legbrCcR_1776103284361,2026-04-13,Ryan Flynn,Dartsmatt Monday Tour Open Tournament,1,You,0,,,501
legbrCcR_1776103284361,2026-04-13,Ryan Flynn,Dartsmatt Monday Tour Open Tournament,2,Opponent,0,,,501
legbrCcR_1776103284361,2026-04-13,Ryan Flynn,Dartsmatt Monday Tour Open Tournament,2,You,1,35,17,501
legbrCcR_1776103284361,2026-04-13,Ryan Flynn,Dartsmatt Monday Tour Open Tournament,3,Opponent,1,25,10,501
legbrCcR_1776103284361,2026-04-13,Ryan Flynn,Dartsmatt Monday Tour Open Tournament,3,You,0,,,501
2ynZPvLG_1777924522395,2026-05-04,Nath Bevin,DTT DEV TOUR #1,1,Opponent,1,28,40,501
2ynZPvLG_1777924522395,2026-05-04,Nath Bevin,DTT DEV TOUR #1,1,You,0,,,501
2ynZPvLG_1777924522395,2026-05-04,Nath Bevin,DTT DEV TOUR #1,2,Opponent,1,23,30,501
2ynZPvLG_1777924522395,2026-05-04,Nath Bevin,DTT DEV TOUR #1,2,You,0,,,501
2ynZPvLG_1777924522395,2026-05-04,Nath Bevin,DTT DEV TOUR #1,3,Opponent,1,26,60,501
2ynZPvLG_1777924522395,2026-05-04,Nath Bevin,DTT DEV TOUR #1,3,You,0,,,501
BP6wYL6s_1777920574640,2026-05-04,Tom Tickner,DTT DEV TOUR #1,1,Opponent,1,44,8,501
BP6wYL6s_1777920574640,2026-05-04,Tom Tickner,DTT DEV TOUR #1,1,You,0,,,501
BP6wYL6s_1777920574640,2026-05-04,Tom Tickner,DTT DEV TOUR #1,2,Opponent,0,,,501
BP6wYL6s_1777920574640,2026-05-04,Tom Tickner,DTT DEV TOUR #1,2,You,1,40,2,501
BP6wYL6s_1777920574640,2026-05-04,Tom Tickner,DTT DEV TOUR #1,3,Opponent,0,,,501
BP6wYL6s_1777920574640,2026-05-04,Tom Tickner,DTT DEV TOUR #1,3,You,1,50,8,501
IK12buwM_1777922696944,2026-05-04,Francesco Aracu,DTT DEV TOUR #1,1,Opponent,0,,,501
IK12buwM_1777922696944,2026-05-04,Francesco Aracu,DTT DEV TOUR #1,1,You,1,36,32,501
IK12buwM_1777922696944,2026-05-04,Francesco Aracu,DTT DEV TOUR #1,2,Opponent,0,,,501
IK12buwM_1777922696944,2026-05-04,Francesco Aracu,DTT DEV TOUR #1,2,You,1,35,12,501
IK12buwM_1777922696944,2026-05-04,Francesco Aracu,DTT DEV TOUR #1,3,Opponent,0,,,501
IK12buwM_1777922696944,2026-05-04,Francesco Aracu,DTT DEV TOUR #1,3,You,1,38,4,501
WNCA0Wv5_1777917827647,2026-05-04,Edwin Iżykowski,DTT DEV TOUR #1,1,Opponent,0,,,501
WNCA0Wv5_1777917827647,2026-05-04,Edwin Iżykowski,DTT DEV TOUR #1,1,You,1,35,45,501
WNCA0Wv5_1777917827647,2026-05-04,Edwin Iżykowski,DTT DEV TOUR #1,2,Opponent,1,51,4,501
WNCA0Wv5_1777917827647,2026-05-04,Edwin Iżykowski,DTT DEV TOUR #1,2,You,0,,,501
WNCA0Wv5_1777917827647,2026-05-04,Edwin Iżykowski,DTT DEV TOUR #1,3,Opponent,0,,,501
WNCA0Wv5_1777917827647,2026-05-04,Edwin Iżykowski,DTT DEV TOUR #1,3,You,1,30,50,501
i4gUN3vr_1777919570960,2026-05-04,Zak Louw Louw,DTT DEV TOUR #1,1,You,0,,,501
i4gUN3vr_1777919570960,2026-05-04,Zak Louw Louw,DTT DEV TOUR #1,1,Opponent,1,34,32,501
i4gUN3vr_1777919570960,2026-05-04,Zak Louw Louw,DTT DEV TOUR #1,2,You,0,,,501
i4gUN3vr_1777919570960,2026-05-04,Zak Louw Louw,DTT DEV TOUR #1,2,Opponent,1,48,22,501
9Fq7yguu_1778245210114,2026-05-08,Nardeep Sangha,DTT ONLINE DARTS LEAGUES (SEASON ONE) DIVISION FIVE,1,Opponent,0,,,501
9Fq7yguu_1778245210114,2026-05-08,Nardeep Sangha,DTT ONLINE DARTS LEAGUES (SEASON ONE) DIVISION FIVE,1,You,1,72,2,501
9Fq7yguu_1778245210114,2026-05-08,Nardeep Sangha,DTT ONLINE DARTS LEAGUES (SEASON ONE) DIVISION FIVE,2,Opponent,0,,,501
9Fq7yguu_1778245210114,2026-05-08,Nardeep Sangha,DTT ONLINE DARTS LEAGUES (SEASON ONE) DIVISION FIVE,2,You,1,26,100,501
9Fq7yguu_1778245210114,2026-05-08,Nardeep Sangha,DTT ONLINE DARTS LEAGUES (SEASON ONE) DIVISION FIVE,3,Opponent,1,42,29,501
9Fq7yguu_1778245210114,2026-05-08,Nardeep Sangha,DTT ONLINE DARTS LEAGUES (SEASON ONE) DIVISION FIVE,3,You,0,,,501
9Fq7yguu_1778245210114,2026-05-08,Nardeep Sangha,DTT ONLINE DARTS LEAGUES (SEASON ONE) DIVISION FIVE,4,Opponent,1,26,4,501
9Fq7yguu_1778245210114,2026-05-08,Nardeep Sangha,DTT ONLINE DARTS LEAGUES (SEASON ONE) DIVISION FIVE,4,You,0,,,501
9Fq7yguu_1778245210114,2026-05-08,Nardeep Sangha,DTT ONLINE DARTS LEAGUES (SEASON ONE) DIVISION FIVE,5,Opponent,0,,,501
9Fq7yguu_1778245210114,2026-05-08,Nardeep Sangha,DTT ONLINE DARTS LEAGUES (SEASON ONE) DIVISION FIVE,5,You,1,31,6,501
9Fq7yguu_1778245210114,2026-05-08,Nardeep Sangha,DTT ONLINE DARTS LEAGUES (SEASON ONE) DIVISION FIVE,6,Opponent,0,,,501
9Fq7yguu_1778245210114,2026-05-08,Nardeep Sangha,DTT ONLINE DARTS LEAGUES (SEASON ONE) DIVISION FIVE,6,You,1,29,60,501
8lGl4YDo_1778524465992,2026-05-11,Alex Boag-Munroe,DTT DEV TOUR #2,1,Opponent,0,,,501
8lGl4YDo_1778524465992,2026-05-11,Alex Boag-Munroe,DTT DEV TOUR #2,1,You,1,32,18,501
8lGl4YDo_1778524465992,2026-05-11,Alex Boag-Munroe,DTT DEV TOUR #2,2,Opponent,0,,,501
8lGl4YDo_1778524465992,2026-05-11,Alex Boag-Munroe,DTT DEV TOUR #2,2,You,1,52,6,501
EMAS8ZaZ_1778525967207,2026-05-11,Braden Hinely,DTT DEV TOUR #2,1,Opponent,1,46,4,501
EMAS8ZaZ_1778525967207,2026-05-11,Braden Hinely,DTT DEV TOUR #2,1,You,0,,,501
EMAS8ZaZ_1778525967207,2026-05-11,Braden Hinely,DTT DEV TOUR #2,2,Opponent,1,30,52,501
EMAS8ZaZ_1778525967207,2026-05-11,Braden Hinely,DTT DEV TOUR #2,2,You,0,,,501
J75H0C4e_1778522518556,2026-05-11,Zak Louw Louw,DTT DEV TOUR #2,1,You,0,,,501
J75H0C4e_1778522518556,2026-05-11,Zak Louw Louw,DTT DEV TOUR #2,1,Opponent,1,41,5,501
J75H0C4e_1778522518556,2026-05-11,Zak Louw Louw,DTT DEV TOUR #2,2,You,0,,,501
J75H0C4e_1778522518556,2026-05-11,Zak Louw Louw,DTT DEV TOUR #2,2,Opponent,1,49,4,501
KHhFgsR7_1778527785932,2026-05-11,Dan Greenwood,DTT DEV TOUR #2,1,Opponent,0,,,501
KHhFgsR7_1778527785932,2026-05-11,Dan Greenwood,DTT DEV TOUR #2,1,You,1,25,16,501
KHhFgsR7_1778527785932,2026-05-11,Dan Greenwood,DTT DEV TOUR #2,2,Opponent,1,33,47,501
KHhFgsR7_1778527785932,2026-05-11,Dan Greenwood,DTT DEV TOUR #2,2,You,0,,,501
KHhFgsR7_1778527785932,2026-05-11,Dan Greenwood,DTT DEV TOUR #2,3,Opponent,0,,,501
KHhFgsR7_1778527785932,2026-05-11,Dan Greenwood,DTT DEV TOUR #2,3,You,1,41,18,501
R3RP563V_1778529171731,2026-05-11,Edwin Iżykowski,DTT DEV TOUR #2,1,Opponent,0,,,501
R3RP563V_1778529171731,2026-05-11,Edwin Iżykowski,DTT DEV TOUR #2,1,You,1,43,4,501
R3RP563V_1778529171731,2026-05-11,Edwin Iżykowski,DTT DEV TOUR #2,2,Opponent,1,34,28,501
R3RP563V_1778529171731,2026-05-11,Edwin Iżykowski,DTT DEV TOUR #2,2,You,0,,,501
R3RP563V_1778529171731,2026-05-11,Edwin Iżykowski,DTT DEV TOUR #2,3,Opponent,1,34,20,501
R3RP563V_1778529171731,2026-05-11,Edwin Iżykowski,DTT DEV TOUR #2,3,You,0,,,501
ukxyYOoO_1778523592093,2026-05-11,Kevin Newman,DTT DEV TOUR #2,1,You,1,35,10,501
ukxyYOoO_1778523592093,2026-05-11,Kevin Newman,DTT DEV TOUR #2,1,Opponent,0,,,501
ukxyYOoO_1778523592093,2026-05-11,Kevin Newman,DTT DEV TOUR #2,2,You,1,42,4,501
ukxyYOoO_1778523592093,2026-05-11,Kevin Newman,DTT DEV TOUR #2,2,Opponent,0,,,501
CUI10jnd_1778870280858,2026-05-15,Shaun White,DTT Grand Prix Qualifier 2,1,Opponent,0,,,501
CUI10jnd_1778870280858,2026-05-15,Shaun White,DTT Grand Prix Qualifier 2,1,You,1,41,8,501
CUI10jnd_1778870280858,2026-05-15,Shaun White,DTT Grand Prix Qualifier 2,2,Opponent,0,,,501
CUI10jnd_1778870280858,2026-05-15,Shaun White,DTT Grand Prix Qualifier 2,2,You,1,49,12,501
k1hK0M27_1778869442575,2026-05-15,Kevin Newman,DTT Grand Prix Qualifier 2,1,Opponent,1,31,12,501
k1hK0M27_1778869442575,2026-05-15,Kevin Newman,DTT Grand Prix Qualifier 2,1,You,0,,,501
k1hK0M27_1778869442575,2026-05-15,Kevin Newman,DTT Grand Prix Qualifier 2,2,Opponent,1,41,16,501
k1hK0M27_1778869442575,2026-05-15,Kevin Newman,DTT Grand Prix Qualifier 2,2,You,0,,,501
rCq12X11_1778868089383,2026-05-15,Rudy Pedocchi,DTT Grand Prix Qualifier 2,1,You,1,50,2,501
rCq12X11_1778868089383,2026-05-15,Rudy Pedocchi,DTT Grand Prix Qualifier 2,1,Opponent,0,,,501
rCq12X11_1778868089383,2026-05-15,Rudy Pedocchi,DTT Grand Prix Qualifier 2,2,You,0,,,501
rCq12X11_1778868089383,2026-05-15,Rudy Pedocchi,DTT Grand Prix Qualifier 2,2,Opponent,1,29,52,501
rCq12X11_1778868089383,2026-05-15,Rudy Pedocchi,DTT Grand Prix Qualifier 2,3,You,1,35,26,501
rCq12X11_1778868089383,2026-05-15,Rudy Pedocchi,DTT Grand Prix Qualifier 2,3,Opponent,0,,,501
LfYw5fPr_1778936662166,2026-05-16,Dan Greenwood,DTT ONLINE DARTS LEAGUES (SEASON ONE) DIVISION FIVE,1,Opponent,0,,,501
LfYw5fPr_1778936662166,2026-05-16,Dan Greenwood,DTT ONLINE DARTS LEAGUES (SEASON ONE) DIVISION FIVE,1,You,1,42,19,501
LfYw5fPr_1778936662166,2026-05-16,Dan Greenwood,DTT ONLINE DARTS LEAGUES (SEASON ONE) DIVISION FIVE,2,Opponent,0,,,501
LfYw5fPr_1778936662166,2026-05-16,Dan Greenwood,DTT ONLINE DARTS LEAGUES (SEASON ONE) DIVISION FIVE,2,You,1,36,40,501
LfYw5fPr_1778936662166,2026-05-16,Dan Greenwood,DTT ONLINE DARTS LEAGUES (SEASON ONE) DIVISION FIVE,3,Opponent,1,34,26,501
LfYw5fPr_1778936662166,2026-05-16,Dan Greenwood,DTT ONLINE DARTS LEAGUES (SEASON ONE) DIVISION FIVE,3,You,0,,,501
LfYw5fPr_1778936662166,2026-05-16,Dan Greenwood,DTT ONLINE DARTS LEAGUES (SEASON ONE) DIVISION FIVE,4,Opponent,1,30,36,501
LfYw5fPr_1778936662166,2026-05-16,Dan Greenwood,DTT ONLINE DARTS LEAGUES (SEASON ONE) DIVISION FIVE,4,You,0,,,501
LfYw5fPr_1778936662166,2026-05-16,Dan Greenwood,DTT ONLINE DARTS LEAGUES (SEASON ONE) DIVISION FIVE,5,Opponent,1,30,40,501
LfYw5fPr_1778936662166,2026-05-16,Dan Greenwood,DTT ONLINE DARTS LEAGUES (SEASON ONE) DIVISION FIVE,5,You,0,,,501
LfYw5fPr_1778936662166,2026-05-16,Dan Greenwood,DTT ONLINE DARTS LEAGUES (SEASON ONE) DIVISION FIVE,6,Opponent,1,32,20,501
LfYw5fPr_1778936662166,2026-05-16,Dan Greenwood,DTT ONLINE DARTS LEAGUES (SEASON ONE) DIVISION FIVE,6,You,0,,,501
KJyfvdo2_1779030017322,2026-05-17,Alex Boag-Munroe,DTT ONLINE DARTS LEAGUES (SEASON ONE) DIVISION FIVE,1,Opponent,0,,,501
KJyfvdo2_1779030017322,2026-05-17,Alex Boag-Munroe,DTT ONLINE DARTS LEAGUES (SEASON ONE) DIVISION FIVE,1,You,1,43,12,501
KJyfvdo2_1779030017322,2026-05-17,Alex Boag-Munroe,DTT ONLINE DARTS LEAGUES (SEASON ONE) DIVISION FIVE,2,Opponent,0,,,501
KJyfvdo2_1779030017322,2026-05-17,Alex Boag-Munroe,DTT ONLINE DARTS LEAGUES (SEASON ONE) DIVISION FIVE,2,You,1,32,60,501
KJyfvdo2_1779030017322,2026-05-17,Alex Boag-Munroe,DTT ONLINE DARTS LEAGUES (SEASON ONE) DIVISION FIVE,3,Opponent,0,,,501
KJyfvdo2_1779030017322,2026-05-17,Alex Boag-Munroe,DTT ONLINE DARTS LEAGUES (SEASON ONE) DIVISION FIVE,3,You,1,41,4,501
KJyfvdo2_1779030017322,2026-05-17,Alex Boag-Munroe,DTT ONLINE DARTS LEAGUES (SEASON ONE) DIVISION FIVE,4,Opponent,1,52,8,501
KJyfvdo2_1779030017322,2026-05-17,Alex Boag-Munroe,DTT ONLINE DARTS LEAGUES (SEASON ONE) DIVISION FIVE,4,You,0,,,501
KJyfvdo2_1779030017322,2026-05-17,Alex Boag-Munroe,DTT ONLINE DARTS LEAGUES (SEASON ONE) DIVISION FIVE,5,Opponent,0,,,501
KJyfvdo2_1779030017322,2026-05-17,Alex Boag-Munroe,DTT ONLINE DARTS LEAGUES (SEASON ONE) DIVISION FIVE,5,You,1,50,16,501
hJ5FgwUV_1779555633393,2026-05-23,Tom Tickner,DTT ONLINE DARTS LEAGUES (SEASON ONE) DIVISION FIVE,1,Opponent,1,68,2,501
hJ5FgwUV_1779555633393,2026-05-23,Tom Tickner,DTT ONLINE DARTS LEAGUES (SEASON ONE) DIVISION FIVE,1,You,0,,,501
hJ5FgwUV_1779555633393,2026-05-23,Tom Tickner,DTT ONLINE DARTS LEAGUES (SEASON ONE) DIVISION FIVE,2,Opponent,1,41,32,501
hJ5FgwUV_1779555633393,2026-05-23,Tom Tickner,DTT ONLINE DARTS LEAGUES (SEASON ONE) DIVISION FIVE,2,You,0,,,501
hJ5FgwUV_1779555633393,2026-05-23,Tom Tickner,DTT ONLINE DARTS LEAGUES (SEASON ONE) DIVISION FIVE,3,Opponent,1,35,32,501
hJ5FgwUV_1779555633393,2026-05-23,Tom Tickner,DTT ONLINE DARTS LEAGUES (SEASON ONE) DIVISION FIVE,3,You,0,,,501
hJ5FgwUV_1779555633393,2026-05-23,Tom Tickner,DTT ONLINE DARTS LEAGUES (SEASON ONE) DIVISION FIVE,4,Opponent,0,,,501
hJ5FgwUV_1779555633393,2026-05-23,Tom Tickner,DTT ONLINE DARTS LEAGUES (SEASON ONE) DIVISION FIVE,4,You,1,35,25,501
hJ5FgwUV_1779555633393,2026-05-23,Tom Tickner,DTT ONLINE DARTS LEAGUES (SEASON ONE) DIVISION FIVE,5,Opponent,1,44,4,501
hJ5FgwUV_1779555633393,2026-05-23,Tom Tickner,DTT ONLINE DARTS LEAGUES (SEASON ONE) DIVISION FIVE,5,You,0,,,501
LBupTmUd_1780079575696,2026-05-29,Stuart Gordon,DTT Grand Prix Qualifier 4,1,You,0,,,501
LBupTmUd_1780079575696,2026-05-29,Stuart Gordon,DTT Grand Prix Qualifier 4,1,Opponent,1,33,32,501
LBupTmUd_1780079575696,2026-05-29,Stuart Gordon,DTT Grand Prix Qualifier 4,2,You,1,27,66,501
LBupTmUd_1780079575696,2026-05-29,Stuart Gordon,DTT Grand Prix Qualifier 4,2,Opponent,0,,,501
LBupTmUd_1780079575696,2026-05-29,Stuart Gordon,DTT Grand Prix Qualifier 4,3,You,0,,,501
LBupTmUd_1780079575696,2026-05-29,Stuart Gordon,DTT Grand Prix Qualifier 4,3,Opponent,1,24,67,501
rcuSgMXi_1780078833039,2026-05-29,Leon Spyrou,DTT Grand Prix Qualifier 4,1,You,0,,,501
rcuSgMXi_1780078833039,2026-05-29,Leon Spyrou,DTT Grand Prix Qualifier 4,1,Opponent,1,32,18,501
rcuSgMXi_1780078833039,2026-05-29,Leon Spyrou,DTT Grand Prix Qualifier 4,2,You,0,,,501
rcuSgMXi_1780078833039,2026-05-29,Leon Spyrou,DTT Grand Prix Qualifier 4,2,Opponent,1,30,55,501
vwwHfkNl_1780077685737,2026-05-29,Shane Watt,DTT Grand Prix Qualifier 4,1,You,0,,,501
vwwHfkNl_1780077685737,2026-05-29,Shane Watt,DTT Grand Prix Qualifier 4,1,Opponent,1,30,5,501
vwwHfkNl_1780077685737,2026-05-29,Shane Watt,DTT Grand Prix Qualifier 4,2,You,1,34,4,501
vwwHfkNl_1780077685737,2026-05-29,Shane Watt,DTT Grand Prix Qualifier 4,2,Opponent,0,,,501
vwwHfkNl_1780077685737,2026-05-29,Shane Watt,DTT Grand Prix Qualifier 4,3,You,0,,,501
vwwHfkNl_1780077685737,2026-05-29,Shane Watt,DTT Grand Prix Qualifier 4,3,Opponent,1,16,16,501
1csTm8kn_1780164549569,2026-05-30,Ray Plater,DTT  MASTERS ( CASH TOURNAMENT) MAY MAJOR,1,Opponent,1,17,40,501
1csTm8kn_1780164549569,2026-05-30,Ray Plater,DTT  MASTERS ( CASH TOURNAMENT) MAY MAJOR,1,You,0,,,501
1csTm8kn_1780164549569,2026-05-30,Ray Plater,DTT  MASTERS ( CASH TOURNAMENT) MAY MAJOR,2,Opponent,1,23,20,501
1csTm8kn_1780164549569,2026-05-30,Ray Plater,DTT  MASTERS ( CASH TOURNAMENT) MAY MAJOR,2,You,0,,,501
2yGEajNP_1780165139498,2026-05-30,krystian jurkowski,DTT  MASTERS ( CASH TOURNAMENT) MAY MAJOR,1,You,0,,,501
2yGEajNP_1780165139498,2026-05-30,krystian jurkowski,DTT  MASTERS ( CASH TOURNAMENT) MAY MAJOR,1,Opponent,1,18,60,501
2yGEajNP_1780165139498,2026-05-30,krystian jurkowski,DTT  MASTERS ( CASH TOURNAMENT) MAY MAJOR,2,You,0,,,501
2yGEajNP_1780165139498,2026-05-30,krystian jurkowski,DTT  MASTERS ( CASH TOURNAMENT) MAY MAJOR,2,Opponent,1,33,4,501
JNgXDz40_1780164080192,2026-05-30,Ray Plater,DTT  MASTERS ( CASH TOURNAMENT) MAY MAJOR,1,Opponent,1,21,40,501
JNgXDz40_1780164080192,2026-05-30,Ray Plater,DTT  MASTERS ( CASH TOURNAMENT) MAY MAJOR,1,You,0,,,501
JNgXDz40_1780164080192,2026-05-30,Ray Plater,DTT  MASTERS ( CASH TOURNAMENT) MAY MAJOR,2,Opponent,1,18,92,501
JNgXDz40_1780164080192,2026-05-30,Ray Plater,DTT  MASTERS ( CASH TOURNAMENT) MAY MAJOR,2,You,0,,,501
KI8ZQzYh_1780166391054,2026-05-30,Adam Bellamy,DTT  MASTERS ( CASH TOURNAMENT) MAY MAJOR,1,Opponent,1,20,20,501
KI8ZQzYh_1780166391054,2026-05-30,Adam Bellamy,DTT  MASTERS ( CASH TOURNAMENT) MAY MAJOR,1,You,0,,,501
KI8ZQzYh_1780166391054,2026-05-30,Adam Bellamy,DTT  MASTERS ( CASH TOURNAMENT) MAY MAJOR,2,Opponent,1,20,40,501
KI8ZQzYh_1780166391054,2026-05-30,Adam Bellamy,DTT  MASTERS ( CASH TOURNAMENT) MAY MAJOR,2,You,0,,,501
XgU1wWlT_1780165687349,2026-05-30,krystian jurkowski,DTT  MASTERS ( CASH TOURNAMENT) MAY MAJOR,1,You,0,,,501
XgU1wWlT_1780165687349,2026-05-30,krystian jurkowski,DTT  MASTERS ( CASH TOURNAMENT) MAY MAJOR,1,Opponent,1,20,16,501
XgU1wWlT_1780165687349,2026-05-30,krystian jurkowski,DTT  MASTERS ( CASH TOURNAMENT) MAY MAJOR,2,You,0,,,501
XgU1wWlT_1780165687349,2026-05-30,krystian jurkowski,DTT  MASTERS ( CASH TOURNAMENT) MAY MAJOR,2,Opponent,1,20,24,501
ZFHq0HYU_1780166893813,2026-05-30,Adam Bellamy,DTT  MASTERS ( CASH TOURNAMENT) MAY MAJOR,1,Opponent,1,20,20,501
ZFHq0HYU_1780166893813,2026-05-30,Adam Bellamy,DTT  MASTERS ( CASH TOURNAMENT) MAY MAJOR,1,You,0,,,501
ZFHq0HYU_1780166893813,2026-05-30,Adam Bellamy,DTT  MASTERS ( CASH TOURNAMENT) MAY MAJOR,2,Opponent,1,11,41,501
ZFHq0HYU_1780166893813,2026-05-30,Adam Bellamy,DTT  MASTERS ( CASH TOURNAMENT) MAY MAJOR,2,You,0,,,501
JNoNmd8Q_1780342063552,2026-06-01,Dawid Siwek,DTT DEV TOUR #5,1,You,1,34,8,501
JNoNmd8Q_1780342063552,2026-06-01,Dawid Siwek,DTT DEV TOUR #5,1,Opponent,0,,,501
JNoNmd8Q_1780342063552,2026-06-01,Dawid Siwek,DTT DEV TOUR #5,2,You,1,52,10,501
JNoNmd8Q_1780342063552,2026-06-01,Dawid Siwek,DTT DEV TOUR #5,2,Opponent,0,,,501
JnC7nLE4_1780344650751,2026-06-01,Alex Boag-Munroe,DTT DEV TOUR #5,1,Opponent,1,23,40,501
JnC7nLE4_1780344650751,2026-06-01,Alex Boag-Munroe,DTT DEV TOUR #5,1,You,0,,,501
JnC7nLE4_1780344650751,2026-06-01,Alex Boag-Munroe,DTT DEV TOUR #5,2,Opponent,0,,,501
JnC7nLE4_1780344650751,2026-06-01,Alex Boag-Munroe,DTT DEV TOUR #5,2,You,1,47,10,501
JnC7nLE4_1780344650751,2026-06-01,Alex Boag-Munroe,DTT DEV TOUR #5,3,Opponent,0,,,501
JnC7nLE4_1780344650751,2026-06-01,Alex Boag-Munroe,DTT DEV TOUR #5,3,You,1,52,2,501
JnC7nLE4_1780344650751,2026-06-01,Alex Boag-Munroe,DTT DEV TOUR #5,4,Opponent,0,,,501
JnC7nLE4_1780344650751,2026-06-01,Alex Boag-Munroe,DTT DEV TOUR #5,4,You,1,44,23,501
MvFP5cOr_1780340505151,2026-06-01,Bennie Copeland,DTT DEV TOUR #5,1,Opponent,0,,,501
MvFP5cOr_1780340505151,2026-06-01,Bennie Copeland,DTT DEV TOUR #5,1,You,1,40,14,501
MvFP5cOr_1780340505151,2026-06-01,Bennie Copeland,DTT DEV TOUR #5,2,Opponent,1,34,8,501
MvFP5cOr_1780340505151,2026-06-01,Bennie Copeland,DTT DEV TOUR #5,2,You,0,,,501
MvFP5cOr_1780340505151,2026-06-01,Bennie Copeland,DTT DEV TOUR #5,3,Opponent,0,,,501
MvFP5cOr_1780340505151,2026-06-01,Bennie Copeland,DTT DEV TOUR #5,3,You,1,44,12,501
VKItLloo_1780342964091,2026-06-01,Kevin Newman,DTT DEV TOUR #5,1,You,0,,,501
VKItLloo_1780342964091,2026-06-01,Kevin Newman,DTT DEV TOUR #5,1,Opponent,1,44,55,501
VKItLloo_1780342964091,2026-06-01,Kevin Newman,DTT DEV TOUR #5,2,You,0,,,501
VKItLloo_1780342964091,2026-06-01,Kevin Newman,DTT DEV TOUR #5,2,Opponent,1,25,16,501
YuiAWw3o_1780338712865,2026-06-01,Dave Duncan,DTT DEV TOUR #5,1,You,0,,,501
YuiAWw3o_1780338712865,2026-06-01,Dave Duncan,DTT DEV TOUR #5,1,Opponent,1,31,16,501
YuiAWw3o_1780338712865,2026-06-01,Dave Duncan,DTT DEV TOUR #5,2,You,1,31,38,501
YuiAWw3o_1780338712865,2026-06-01,Dave Duncan,DTT DEV TOUR #5,2,Opponent,0,,,501
YuiAWw3o_1780338712865,2026-06-01,Dave Duncan,DTT DEV TOUR #5,3,You,1,34,36,501
YuiAWw3o_1780338712865,2026-06-01,Dave Duncan,DTT DEV TOUR #5,3,Opponent,0,,,501
pxAdCwui_1780346945558,2026-06-01,Kevin Newman,DTT DEV TOUR #5,1,Opponent,0,,,501
pxAdCwui_1780346945558,2026-06-01,Kevin Newman,DTT DEV TOUR #5,1,You,1,32,14,501
pxAdCwui_1780346945558,2026-06-01,Kevin Newman,DTT DEV TOUR #5,2,Opponent,1,33,63,501
pxAdCwui_1780346945558,2026-06-01,Kevin Newman,DTT DEV TOUR #5,2,You,0,,,501
pxAdCwui_1780346945558,2026-06-01,Kevin Newman,DTT DEV TOUR #5,3,Opponent,1,60,2,501
pxAdCwui_1780346945558,2026-06-01,Kevin Newman,DTT DEV TOUR #5,3,You,0,,,501
pxAdCwui_1780346945558,2026-06-01,Kevin Newman,DTT DEV TOUR #5,4,Opponent,1,38,18,501
pxAdCwui_1780346945558,2026-06-01,Kevin Newman,DTT DEV TOUR #5,4,You,0,,,501
pxAdCwui_1780346945558,2026-06-01,Kevin Newman,DTT DEV TOUR #5,5,Opponent,0,,,501
pxAdCwui_1780346945558,2026-06-01,Kevin Newman,DTT DEV TOUR #5,5,You,1,49,18,501
pxAdCwui_1780346945558,2026-06-01,Kevin Newman,DTT DEV TOUR #5,6,Opponent,1,39,72,501
pxAdCwui_1780346945558,2026-06-01,Kevin Newman,DTT DEV TOUR #5,6,You,0,,,501
qJ73bbIl_1780336913434,2026-06-01,Zak Louw Louw,DTT DEV TOUR #5,1,You,1,48,2,501
qJ73bbIl_1780336913434,2026-06-01,Zak Louw Louw,DTT DEV TOUR #5,1,Opponent,0,,,501
qJ73bbIl_1780336913434,2026-06-01,Zak Louw Louw,DTT DEV TOUR #5,2,You,0,,,501
qJ73bbIl_1780336913434,2026-06-01,Zak Louw Louw,DTT DEV TOUR #5,2,Opponent,1,40,18,501
qJ73bbIl_1780336913434,2026-06-01,Zak Louw Louw,DTT DEV TOUR #5,3,You,1,45,16,501
qJ73bbIl_1780336913434,2026-06-01,Zak Louw Louw,DTT DEV TOUR #5,3,Opponent,0,,,501
AJf9oJvi_1780942838878,2026-06-08,Edwin Iżykowski,DTT DEV TOUR #6,1,You,1,29,58,501
AJf9oJvi_1780942838878,2026-06-08,Edwin Iżykowski,DTT DEV TOUR #6,1,Opponent,0,,,501
AJf9oJvi_1780942838878,2026-06-08,Edwin Iżykowski,DTT DEV TOUR #6,2,You,1,36,58,501
AJf9oJvi_1780942838878,2026-06-08,Edwin Iżykowski,DTT DEV TOUR #6,2,Opponent,0,,,501
VbtJ8jxp_1780943711077,2026-06-08,Kevin Newman,DTT DEV TOUR #6,1,Opponent,1,31,40,501
VbtJ8jxp_1780943711077,2026-06-08,Kevin Newman,DTT DEV TOUR #6,1,You,0,,,501
VbtJ8jxp_1780943711077,2026-06-08,Kevin Newman,DTT DEV TOUR #6,2,Opponent,0,,,501
VbtJ8jxp_1780943711077,2026-06-08,Kevin Newman,DTT DEV TOUR #6,2,You,1,38,40,501
VbtJ8jxp_1780943711077,2026-06-08,Kevin Newman,DTT DEV TOUR #6,3,Opponent,1,32,11,501
VbtJ8jxp_1780943711077,2026-06-08,Kevin Newman,DTT DEV TOUR #6,3,You,0,,,501
wcwbpMu6_1780944882945,2026-06-08,Braden Hinely,DTT DEV TOUR #6,1,Opponent,1,50,32,501
wcwbpMu6_1780944882945,2026-06-08,Braden Hinely,DTT DEV TOUR #6,1,You,0,,,501
wcwbpMu6_1780944882945,2026-06-08,Braden Hinely,DTT DEV TOUR #6,2,Opponent,1,37,12,501
wcwbpMu6_1780944882945,2026-06-08,Braden Hinely,DTT DEV TOUR #6,2,You,0,,,501
xXaZnxy0_1780941645743,2026-06-08,Dan Greenwood,DTT DEV TOUR #6,1,Opponent,1,44,20,501
xXaZnxy0_1780941645743,2026-06-08,Dan Greenwood,DTT DEV TOUR #6,1,You,0,,,501
xXaZnxy0_1780941645743,2026-06-08,Dan Greenwood,DTT DEV TOUR #6,2,Opponent,1,22,30,501
xXaZnxy0_1780941645743,2026-06-08,Dan Greenwood,DTT DEV TOUR #6,2,You,0,,,501
DBMEfNWZ_1781200851610,2026-06-11,Ashley Johnson,DTT WORLD CUP NIGHT #1,1,You,0,,,501
DBMEfNWZ_1781200851610,2026-06-11,Ashley Johnson,DTT WORLD CUP NIGHT #1,1,Opponent,1,29,10,501
DBMEfNWZ_1781200851610,2026-06-11,Ashley Johnson,DTT WORLD CUP NIGHT #1,2,You,0,,,501
DBMEfNWZ_1781200851610,2026-06-11,Ashley Johnson,DTT WORLD CUP NIGHT #1,2,Opponent,1,24,91,501
RWlYtIMv_1781201621797,2026-06-11,Dan Greenwood,DTT WORLD CUP NIGHT #1,1,You,1,30,36,501
RWlYtIMv_1781201621797,2026-06-11,Dan Greenwood,DTT WORLD CUP NIGHT #1,1,Opponent,0,,,501
RWlYtIMv_1781201621797,2026-06-11,Dan Greenwood,DTT WORLD CUP NIGHT #1,2,You,1,35,16,501
RWlYtIMv_1781201621797,2026-06-11,Dan Greenwood,DTT WORLD CUP NIGHT #1,2,Opponent,0,,,501
TMCwd4E4_1781203278928,2026-06-11,wayne green,DTT WORLD CUP NIGHT #1,1,You,1,38,8,501
TMCwd4E4_1781203278928,2026-06-11,wayne green,DTT WORLD CUP NIGHT #1,1,Opponent,0,,,501
TMCwd4E4_1781203278928,2026-06-11,wayne green,DTT WORLD CUP NIGHT #1,2,You,1,35,6,501
TMCwd4E4_1781203278928,2026-06-11,wayne green,DTT WORLD CUP NIGHT #1,2,Opponent,0,,,501
dv1nltwF_1781202542335,2026-06-11,Graham Musto,DTT WORLD CUP NIGHT #1,1,You,0,,,501
dv1nltwF_1781202542335,2026-06-11,Graham Musto,DTT WORLD CUP NIGHT #1,1,Opponent,1,32,8,501
dv1nltwF_1781202542335,2026-06-11,Graham Musto,DTT WORLD CUP NIGHT #1,2,You,0,,,501
dv1nltwF_1781202542335,2026-06-11,Graham Musto,DTT WORLD CUP NIGHT #1,2,Opponent,1,26,24,501
iAHqWeFO_1781369929114,2026-06-13,Dave Duncan,DTT ONLINE DARTS LEAGUES (SEASON ONE) DIVISION FIVE,1,Opponent,1,29,16,501
iAHqWeFO_1781369929114,2026-06-13,Dave Duncan,DTT ONLINE DARTS LEAGUES (SEASON ONE) DIVISION FIVE,1,You,0,,,501
iAHqWeFO_1781369929114,2026-06-13,Dave Duncan,DTT ONLINE DARTS LEAGUES (SEASON ONE) DIVISION FIVE,2,Opponent,0,,,501
iAHqWeFO_1781369929114,2026-06-13,Dave Duncan,DTT ONLINE DARTS LEAGUES (SEASON ONE) DIVISION FIVE,2,You,1,40,8,501
iAHqWeFO_1781369929114,2026-06-13,Dave Duncan,DTT ONLINE DARTS LEAGUES (SEASON ONE) DIVISION FIVE,3,Opponent,0,,,501
iAHqWeFO_1781369929114,2026-06-13,Dave Duncan,DTT ONLINE DARTS LEAGUES (SEASON ONE) DIVISION FIVE,3,You,1,42,2,501
iAHqWeFO_1781369929114,2026-06-13,Dave Duncan,DTT ONLINE DARTS LEAGUES (SEASON ONE) DIVISION FIVE,4,Opponent,0,,,501
iAHqWeFO_1781369929114,2026-06-13,Dave Duncan,DTT ONLINE DARTS LEAGUES (SEASON ONE) DIVISION FIVE,4,You,1,38,26,501
iAHqWeFO_1781369929114,2026-06-13,Dave Duncan,DTT ONLINE DARTS LEAGUES (SEASON ONE) DIVISION FIVE,5,Opponent,0,,,501
iAHqWeFO_1781369929114,2026-06-13,Dave Duncan,DTT ONLINE DARTS LEAGUES (SEASON ONE) DIVISION FIVE,5,You,1,25,10,501
0OSmeCb4_1781551100971,2026-06-15,Braden Hinely,DTT DEV TOUR #7,1,You,1,35,32,501
0OSmeCb4_1781551100971,2026-06-15,Braden Hinely,DTT DEV TOUR #7,1,Opponent,0,,,501
0OSmeCb4_1781551100971,2026-06-15,Braden Hinely,DTT DEV TOUR #7,2,You,1,33,19,501
0OSmeCb4_1781551100971,2026-06-15,Braden Hinely,DTT DEV TOUR #7,2,Opponent,0,,,501
A134RPRR_1781552552074,2026-06-15,Tracey Reeve,DTT DEV TOUR #7,1,You,0,,,501
A134RPRR_1781552552074,2026-06-15,Tracey Reeve,DTT DEV TOUR #7,1,Opponent,1,29,9,501
A134RPRR_1781552552074,2026-06-15,Tracey Reeve,DTT DEV TOUR #7,2,You,0,,,501
A134RPRR_1781552552074,2026-06-15,Tracey Reeve,DTT DEV TOUR #7,2,Opponent,1,59,2,501
CP9KStX3_1781549548538,2026-06-15,Dan Greenwood,DTT DEV TOUR #7,1,Opponent,1,38,16,501
CP9KStX3_1781549548538,2026-06-15,Dan Greenwood,DTT DEV TOUR #7,1,You,0,,,501
CP9KStX3_1781549548538,2026-06-15,Dan Greenwood,DTT DEV TOUR #7,2,Opponent,0,,,501
CP9KStX3_1781549548538,2026-06-15,Dan Greenwood,DTT DEV TOUR #7,2,You,1,48,4,501
CP9KStX3_1781549548538,2026-06-15,Dan Greenwood,DTT DEV TOUR #7,3,Opponent,0,,,501
CP9KStX3_1781549548538,2026-06-15,Dan Greenwood,DTT DEV TOUR #7,3,You,1,41,12,501
i4pEzoJC_1781553599858,2026-06-15,Claudiu Toma,DTT DEV TOUR #7,1,Opponent,1,31,10,501
i4pEzoJC_1781553599858,2026-06-15,Claudiu Toma,DTT DEV TOUR #7,1,You,0,,,501
i4pEzoJC_1781553599858,2026-06-15,Claudiu Toma,DTT DEV TOUR #7,2,Opponent,1,65,2,501
i4pEzoJC_1781553599858,2026-06-15,Claudiu Toma,DTT DEV TOUR #7,2,You,0,,,501
i4pEzoJC_1781553599858,2026-06-15,Claudiu Toma,DTT DEV TOUR #7,3,Opponent,0,,,501
i4pEzoJC_1781553599858,2026-06-15,Claudiu Toma,DTT DEV TOUR #7,3,You,1,37,16,501
i4pEzoJC_1781553599858,2026-06-15,Claudiu Toma,DTT DEV TOUR #7,4,Opponent,1,33,6,501
i4pEzoJC_1781553599858,2026-06-15,Claudiu Toma,DTT DEV TOUR #7,4,You,0,,,501
nieGFKIH_1781546462983,2026-06-15,Francesco Aracu,DTT DEV TOUR #7,1,Opponent,0,,,501
nieGFKIH_1781546462983,2026-06-15,Francesco Aracu,DTT DEV TOUR #7,1,You,1,38,20,501
nieGFKIH_1781546462983,2026-06-15,Francesco Aracu,DTT DEV TOUR #7,2,Opponent,1,46,4,501
nieGFKIH_1781546462983,2026-06-15,Francesco Aracu,DTT DEV TOUR #7,2,You,0,,,501
nieGFKIH_1781546462983,2026-06-15,Francesco Aracu,DTT DEV TOUR #7,3,Opponent,0,,,501
nieGFKIH_1781546462983,2026-06-15,Francesco Aracu,DTT DEV TOUR #7,3,You,1,25,20,501
QGfHLU7e_1781719131506,2026-06-17,Bennie Copeland,DTT ONLINE DARTS LEAGUES (SEASON ONE) DIVISION FIVE,1,You,1,36,8,501
QGfHLU7e_1781719131506,2026-06-17,Bennie Copeland,DTT ONLINE DARTS LEAGUES (SEASON ONE) DIVISION FIVE,1,Opponent,0,,,501
QGfHLU7e_1781719131506,2026-06-17,Bennie Copeland,DTT ONLINE DARTS LEAGUES (SEASON ONE) DIVISION FIVE,2,You,0,,,501
QGfHLU7e_1781719131506,2026-06-17,Bennie Copeland,DTT ONLINE DARTS LEAGUES (SEASON ONE) DIVISION FIVE,2,Opponent,1,43,16,501
QGfHLU7e_1781719131506,2026-06-17,Bennie Copeland,DTT ONLINE DARTS LEAGUES (SEASON ONE) DIVISION FIVE,3,You,0,,,501
QGfHLU7e_1781719131506,2026-06-17,Bennie Copeland,DTT ONLINE DARTS LEAGUES (SEASON ONE) DIVISION FIVE,3,Opponent,1,30,32,501
QGfHLU7e_1781719131506,2026-06-17,Bennie Copeland,DTT ONLINE DARTS LEAGUES (SEASON ONE) DIVISION FIVE,4,You,0,,,501
QGfHLU7e_1781719131506,2026-06-17,Bennie Copeland,DTT ONLINE DARTS LEAGUES (SEASON ONE) DIVISION FIVE,4,Opponent,1,46,8,501
QGfHLU7e_1781719131506,2026-06-17,Bennie Copeland,DTT ONLINE DARTS LEAGUES (SEASON ONE) DIVISION FIVE,5,You,0,,,501
QGfHLU7e_1781719131506,2026-06-17,Bennie Copeland,DTT ONLINE DARTS LEAGUES (SEASON ONE) DIVISION FIVE,5,Opponent,1,57,4,501
GKVPLy6p_1781798027475,2026-06-18,Dawid Siwek,DTT ONLINE DARTS LEAGUES (SEASON ONE) DIVISION FIVE,1,You,0,,,501
GKVPLy6p_1781798027475,2026-06-18,Dawid Siwek,DTT ONLINE DARTS LEAGUES (SEASON ONE) DIVISION FIVE,1,Opponent,1,67,2,501
GKVPLy6p_1781798027475,2026-06-18,Dawid Siwek,DTT ONLINE DARTS LEAGUES (SEASON ONE) DIVISION FIVE,2,You,0,,,501
GKVPLy6p_1781798027475,2026-06-18,Dawid Siwek,DTT ONLINE DARTS LEAGUES (SEASON ONE) DIVISION FIVE,2,Opponent,1,34,8,501
GKVPLy6p_1781798027475,2026-06-18,Dawid Siwek,DTT ONLINE DARTS LEAGUES (SEASON ONE) DIVISION FIVE,3,You,1,44,2,501
GKVPLy6p_1781798027475,2026-06-18,Dawid Siwek,DTT ONLINE DARTS LEAGUES (SEASON ONE) DIVISION FIVE,3,Opponent,0,,,501
GKVPLy6p_1781798027475,2026-06-18,Dawid Siwek,DTT ONLINE DARTS LEAGUES (SEASON ONE) DIVISION FIVE,4,You,1,41,25,501
GKVPLy6p_1781798027475,2026-06-18,Dawid Siwek,DTT ONLINE DARTS LEAGUES (SEASON ONE) DIVISION FIVE,4,Opponent,0,,,501
GKVPLy6p_1781798027475,2026-06-18,Dawid Siwek,DTT ONLINE DARTS LEAGUES (SEASON ONE) DIVISION FIVE,5,You,1,29,32,501
GKVPLy6p_1781798027475,2026-06-18,Dawid Siwek,DTT ONLINE DARTS LEAGUES (SEASON ONE) DIVISION FIVE,5,Opponent,0,,,501
GKVPLy6p_1781798027475,2026-06-18,Dawid Siwek,DTT ONLINE DARTS LEAGUES (SEASON ONE) DIVISION FIVE,6,You,0,,,501
GKVPLy6p_1781798027475,2026-06-18,Dawid Siwek,DTT ONLINE DARTS LEAGUES (SEASON ONE) DIVISION FIVE,6,Opponent,1,31,20,501
L5wyGPl5_1781805659835,2026-06-18,wayne green,DTT WORLD CUP NIGHT #2,1,Opponent,1,40,14,501
L5wyGPl5_1781805659835,2026-06-18,wayne green,DTT WORLD CUP NIGHT #2,1,You,0,,,501
L5wyGPl5_1781805659835,2026-06-18,wayne green,DTT WORLD CUP NIGHT #2,2,Opponent,0,,,501
L5wyGPl5_1781805659835,2026-06-18,wayne green,DTT WORLD CUP NIGHT #2,2,You,1,38,44,501
L5wyGPl5_1781805659835,2026-06-18,wayne green,DTT WORLD CUP NIGHT #2,3,Opponent,0,,,501
L5wyGPl5_1781805659835,2026-06-18,wayne green,DTT WORLD CUP NIGHT #2,3,You,1,43,8,501
T1TSGqsQ_1781807260944,2026-06-18,Liam Chivers,DTT WORLD CUP NIGHT #2,1,Opponent,1,24,76,501
T1TSGqsQ_1781807260944,2026-06-18,Liam Chivers,DTT WORLD CUP NIGHT #2,1,You,0,,,501
T1TSGqsQ_1781807260944,2026-06-18,Liam Chivers,DTT WORLD CUP NIGHT #2,2,Opponent,1,23,20,501
T1TSGqsQ_1781807260944,2026-06-18,Liam Chivers,DTT WORLD CUP NIGHT #2,2,You,0,,,501
lwXH5B6x_1781808058662,2026-06-18,Leon Spyrou,DTT WORLD CUP NIGHT #2,1,You,0,,,501
lwXH5B6x_1781808058662,2026-06-18,Leon Spyrou,DTT WORLD CUP NIGHT #2,1,Opponent,1,29,4,501
lwXH5B6x_1781808058662,2026-06-18,Leon Spyrou,DTT WORLD CUP NIGHT #2,2,You,0,,,501
lwXH5B6x_1781808058662,2026-06-18,Leon Spyrou,DTT WORLD CUP NIGHT #2,2,Opponent,1,29,26,501
8RjHiZFH_1781915423584,2026-06-19,Alex Boag-Munroe,,1,Opponent,0,,,501
8RjHiZFH_1781915423584,2026-06-19,Alex Boag-Munroe,,1,You,1,47,8,501
8RjHiZFH_1781915423584,2026-06-19,Alex Boag-Munroe,,2,Opponent,1,36,36,501
8RjHiZFH_1781915423584,2026-06-19,Alex Boag-Munroe,,2,You,0,,,501
8RjHiZFH_1781915423584,2026-06-19,Alex Boag-Munroe,,3,Opponent,0,,,501
8RjHiZFH_1781915423584,2026-06-19,Alex Boag-Munroe,,3,You,1,38,16,501
8RjHiZFH_1781915423584,2026-06-19,Alex Boag-Munroe,,4,Opponent,1,34,18,501
8RjHiZFH_1781915423584,2026-06-19,Alex Boag-Munroe,,4,You,0,,,501
8RjHiZFH_1781915423584,2026-06-19,Alex Boag-Munroe,,5,Opponent,0,,,501
8RjHiZFH_1781915423584,2026-06-19,Alex Boag-Munroe,,5,You,1,36,30,501
IT9lawSw_1781920482365,2026-06-19,Alex Boag-Munroe,,1,Opponent,1,38,8,501
IT9lawSw_1781920482365,2026-06-19,Alex Boag-Munroe,,1,You,0,,,501
IT9lawSw_1781920482365,2026-06-19,Alex Boag-Munroe,,2,Opponent,0,,,501
IT9lawSw_1781920482365,2026-06-19,Alex Boag-Munroe,,2,You,1,32,18,501
IT9lawSw_1781920482365,2026-06-19,Alex Boag-Munroe,,3,Opponent,1,40,4,501
IT9lawSw_1781920482365,2026-06-19,Alex Boag-Munroe,,3,You,0,,,501
thrHpE0y_1782155231762,2026-06-22,Zak Louw,DTT DEV TOUR #8,1,You,0,,,501
thrHpE0y_1782155231762,2026-06-22,Zak Louw,DTT DEV TOUR #8,1,Opponent,1,40,30,501
thrHpE0y_1782155231762,2026-06-22,Zak Louw,DTT DEV TOUR #8,2,You,0,,,501
thrHpE0y_1782155231762,2026-06-22,Zak Louw,DTT DEV TOUR #8,2,Opponent,1,56,4,501
wd5bNnHb_1782151209337,2026-06-22,Bennie Copeland,DTT DEV TOUR #8,1,You,1,58,2,501
wd5bNnHb_1782151209337,2026-06-22,Bennie Copeland,DTT DEV TOUR #8,1,Opponent,0,,,501
wd5bNnHb_1782151209337,2026-06-22,Bennie Copeland,DTT DEV TOUR #8,2,You,0,,,501
wd5bNnHb_1782151209337,2026-06-22,Bennie Copeland,DTT DEV TOUR #8,2,Opponent,1,62,2,501
wd5bNnHb_1782151209337,2026-06-22,Bennie Copeland,DTT DEV TOUR #8,3,You,1,28,32,501
wd5bNnHb_1782151209337,2026-06-22,Bennie Copeland,DTT DEV TOUR #8,3,Opponent,0,,,501
ypYIxbll_1782153092783,2026-06-22,Tom Tickner,DTT DEV TOUR #8,1,Opponent,0,,,501
ypYIxbll_1782153092783,2026-06-22,Tom Tickner,DTT DEV TOUR #8,1,You,1,34,40,501
ypYIxbll_1782153092783,2026-06-22,Tom Tickner,DTT DEV TOUR #8,2,Opponent,1,42,10,501
ypYIxbll_1782153092783,2026-06-22,Tom Tickner,DTT DEV TOUR #8,2,You,0,,,501
ypYIxbll_1782153092783,2026-06-22,Tom Tickner,DTT DEV TOUR #8,3,Opponent,0,,,501
ypYIxbll_1782153092783,2026-06-22,Tom Tickner,DTT DEV TOUR #8,3,You,1,32,55,501
MByQrYPm_1782268283028,2026-06-23,Alex Boag-Munroe,,1,Opponent,0,,,501
MByQrYPm_1782268283028,2026-06-23,Alex Boag-Munroe,,1,You,1,28,32,501
MByQrYPm_1782268283028,2026-06-23,Alex Boag-Munroe,,2,Opponent,1,23,10,501
MByQrYPm_1782268283028,2026-06-23,Alex Boag-Munroe,,2,You,0,,,501
MByQrYPm_1782268283028,2026-06-23,Alex Boag-Munroe,,3,Opponent,1,26,12,501
MByQrYPm_1782268283028,2026-06-23,Alex Boag-Munroe,,3,You,0,,,501
MByQrYPm_1782268283028,2026-06-23,Alex Boag-Munroe,,4,Opponent,1,30,64,501
MByQrYPm_1782268283028,2026-06-23,Alex Boag-Munroe,,4,You,0,,,501
lzqFBOVy_1782265628886,2026-06-23,Alex Boag-Munroe,,1,Opponent,1,37,2,501
lzqFBOVy_1782265628886,2026-06-23,Alex Boag-Munroe,,1,You,0,,,501
lzqFBOVy_1782265628886,2026-06-23,Alex Boag-Munroe,,2,Opponent,0,,,501
lzqFBOVy_1782265628886,2026-06-23,Alex Boag-Munroe,,2,You,1,31,32,501
lzqFBOVy_1782265628886,2026-06-23,Alex Boag-Munroe,,3,Opponent,1,28,36,501
lzqFBOVy_1782265628886,2026-06-23,Alex Boag-Munroe,,3,You,0,,,501
lzqFBOVy_1782265628886,2026-06-23,Alex Boag-Munroe,,4,Opponent,1,35,8,501
lzqFBOVy_1782265628886,2026-06-23,Alex Boag-Munroe,,4,You,0,,,501
XjjGvc1Q_1782604165267,2026-06-27,Braden Hinely,,1,You,0,,,501
XjjGvc1Q_1782604165267,2026-06-27,Braden Hinely,,1,Opponent,1,43,16,501
XjjGvc1Q_1782604165267,2026-06-27,Braden Hinely,,2,You,1,31,10,501
XjjGvc1Q_1782604165267,2026-06-27,Braden Hinely,,2,Opponent,0,,,501
XjjGvc1Q_1782604165267,2026-06-27,Braden Hinely,,3,You,1,61,4,501
XjjGvc1Q_1782604165267,2026-06-27,Braden Hinely,,3,Opponent,0,,,501
a5QakQ0s_1782606621560,2026-06-27,Braden Hinely,,1,You,1,45,38,501
a5QakQ0s_1782606621560,2026-06-27,Braden Hinely,,1,Opponent,0,,,501
a5QakQ0s_1782606621560,2026-06-27,Braden Hinely,,2,You,0,,,501
a5QakQ0s_1782606621560,2026-06-27,Braden Hinely,,2,Opponent,1,36,36,501
a5QakQ0s_1782606621560,2026-06-27,Braden Hinely,,3,You,0,,,501
a5QakQ0s_1782606621560,2026-06-27,Braden Hinely,,3,Opponent,1,37,16,501
2QM5yQkB_1782674443671,2026-06-28,Zak Louw,DTT UNDER 55 AVERAGE CASH MAJOR,1,You,1,39,40,501
2QM5yQkB_1782674443671,2026-06-28,Zak Louw,DTT UNDER 55 AVERAGE CASH MAJOR,1,Opponent,0,,,501
2QM5yQkB_1782674443671,2026-06-28,Zak Louw,DTT UNDER 55 AVERAGE CASH MAJOR,2,You,0,,,501
2QM5yQkB_1782674443671,2026-06-28,Zak Louw,DTT UNDER 55 AVERAGE CASH MAJOR,2,Opponent,1,30,69,501
2QM5yQkB_1782674443671,2026-06-28,Zak Louw,DTT UNDER 55 AVERAGE CASH MAJOR,3,You,1,34,28,501
2QM5yQkB_1782674443671,2026-06-28,Zak Louw,DTT UNDER 55 AVERAGE CASH MAJOR,3,Opponent,0,,,501
3N4UZ3YR_1782675577868,2026-06-28,Shaun White,DTT UNDER 55 AVERAGE CASH MAJOR,1,Opponent,1,27,93,501
3N4UZ3YR_1782675577868,2026-06-28,Shaun White,DTT UNDER 55 AVERAGE CASH MAJOR,1,You,0,,,501
3N4UZ3YR_1782675577868,2026-06-28,Shaun White,DTT UNDER 55 AVERAGE CASH MAJOR,2,Opponent,0,,,501
3N4UZ3YR_1782675577868,2026-06-28,Shaun White,DTT UNDER 55 AVERAGE CASH MAJOR,2,You,1,28,40,501
3N4UZ3YR_1782675577868,2026-06-28,Shaun White,DTT UNDER 55 AVERAGE CASH MAJOR,3,Opponent,1,26,8,501
3N4UZ3YR_1782675577868,2026-06-28,Shaun White,DTT UNDER 55 AVERAGE CASH MAJOR,3,You,0,,,501
DWAurims_1782671093907,2026-06-28,Alex Boag-Munroe,DTT UNDER 55 AVERAGE CASH MAJOR,1,Opponent,0,,,501
DWAurims_1782671093907,2026-06-28,Alex Boag-Munroe,DTT UNDER 55 AVERAGE CASH MAJOR,1,You,1,35,8,501
DWAurims_1782671093907,2026-06-28,Alex Boag-Munroe,DTT UNDER 55 AVERAGE CASH MAJOR,2,Opponent,1,41,46,501
DWAurims_1782671093907,2026-06-28,Alex Boag-Munroe,DTT UNDER 55 AVERAGE CASH MAJOR,2,You,0,,,501
DWAurims_1782671093907,2026-06-28,Alex Boag-Munroe,DTT UNDER 55 AVERAGE CASH MAJOR,3,Opponent,1,49,2,501
DWAurims_1782671093907,2026-06-28,Alex Boag-Munroe,DTT UNDER 55 AVERAGE CASH MAJOR,3,You,0,,,501
e5IfotoJ_1782672797851,2026-06-28,Ian Evans,DTT UNDER 55 AVERAGE CASH MAJOR,1,You,0,,,501
e5IfotoJ_1782672797851,2026-06-28,Ian Evans,DTT UNDER 55 AVERAGE CASH MAJOR,1,Opponent,1,37,28,501
e5IfotoJ_1782672797851,2026-06-28,Ian Evans,DTT UNDER 55 AVERAGE CASH MAJOR,2,You,1,32,5,501
e5IfotoJ_1782672797851,2026-06-28,Ian Evans,DTT UNDER 55 AVERAGE CASH MAJOR,2,Opponent,0,,,501
e5IfotoJ_1782672797851,2026-06-28,Ian Evans,DTT UNDER 55 AVERAGE CASH MAJOR,3,You,1,47,16,501
e5IfotoJ_1782672797851,2026-06-28,Ian Evans,DTT UNDER 55 AVERAGE CASH MAJOR,3,Opponent,0,,,501
skjjdpZN_1782677360709,2026-06-28,Ged Lightfoot,DTT UNDER 55 AVERAGE CASH MAJOR,1,Opponent,1,30,46,501
skjjdpZN_1782677360709,2026-06-28,Ged Lightfoot,DTT UNDER 55 AVERAGE CASH MAJOR,1,You,0,,,501
skjjdpZN_1782677360709,2026-06-28,Ged Lightfoot,DTT UNDER 55 AVERAGE CASH MAJOR,2,Opponent,1,30,24,501
skjjdpZN_1782677360709,2026-06-28,Ged Lightfoot,DTT UNDER 55 AVERAGE CASH MAJOR,2,You,0,,,501
4kP2jCgA_1782759112065,2026-06-29,Tom Tickner,DTT DEV TOUR #9,1,You,0,,,501
4kP2jCgA_1782759112065,2026-06-29,Tom Tickner,DTT DEV TOUR #9,1,Opponent,1,57,4,501
4kP2jCgA_1782759112065,2026-06-29,Tom Tickner,DTT DEV TOUR #9,2,You,0,,,501
4kP2jCgA_1782759112065,2026-06-29,Tom Tickner,DTT DEV TOUR #9,2,Opponent,1,27,47,501
7QYfRSCw_1782756243017,2026-06-29,Braden Hinely,DTT DEV TOUR #9,1,You,1,43,4,501
7QYfRSCw_1782756243017,2026-06-29,Braden Hinely,DTT DEV TOUR #9,1,Opponent,0,,,501
7QYfRSCw_1782756243017,2026-06-29,Braden Hinely,DTT DEV TOUR #9,2,You,0,,,501
7QYfRSCw_1782756243017,2026-06-29,Braden Hinely,DTT DEV TOUR #9,2,Opponent,1,34,16,501
7QYfRSCw_1782756243017,2026-06-29,Braden Hinely,DTT DEV TOUR #9,3,You,1,29,28,501
7QYfRSCw_1782756243017,2026-06-29,Braden Hinely,DTT DEV TOUR #9,3,Opponent,0,,,501
9mgOu7ai_1782757919241,2026-06-29,Kevin Newman,DTT DEV TOUR #9,1,You,1,22,10,501
9mgOu7ai_1782757919241,2026-06-29,Kevin Newman,DTT DEV TOUR #9,1,Opponent,0,,,501
9mgOu7ai_1782757919241,2026-06-29,Kevin Newman,DTT DEV TOUR #9,2,You,0,,,501
9mgOu7ai_1782757919241,2026-06-29,Kevin Newman,DTT DEV TOUR #9,2,Opponent,1,34,30,501
9mgOu7ai_1782757919241,2026-06-29,Kevin Newman,DTT DEV TOUR #9,3,You,0,,,501
9mgOu7ai_1782757919241,2026-06-29,Kevin Newman,DTT DEV TOUR #9,3,Opponent,1,26,14,501
3TrU9aSI_1782874980265,2026-06-30,Alex Boag-Munroe,,1,Opponent,0,,,501
3TrU9aSI_1782874980265,2026-06-30,Alex Boag-Munroe,,1,You,1,44,8,501
3TrU9aSI_1782874980265,2026-06-30,Alex Boag-Munroe,,2,Opponent,1,58,2,501
3TrU9aSI_1782874980265,2026-06-30,Alex Boag-Munroe,,2,You,0,,,501
3TrU9aSI_1782874980265,2026-06-30,Alex Boag-Munroe,,3,Opponent,1,40,16,501
3TrU9aSI_1782874980265,2026-06-30,Alex Boag-Munroe,,3,You,0,,,501
6fsIxcyv_1782873394403,2026-06-30,Alex Boag-Munroe,,1,Opponent,0,,,501
6fsIxcyv_1782873394403,2026-06-30,Alex Boag-Munroe,,1,You,1,40,4,501
6fsIxcyv_1782873394403,2026-06-30,Alex Boag-Munroe,,2,Opponent,0,,,501
6fsIxcyv_1782873394403,2026-06-30,Alex Boag-Munroe,,2,You,1,26,18,501
MSupfVkN_1782871303895,2026-06-30,Alex Boag-Munroe,,1,Opponent,1,44,4,501
MSupfVkN_1782871303895,2026-06-30,Alex Boag-Munroe,,1,You,0,,,501
MSupfVkN_1782871303895,2026-06-30,Alex Boag-Munroe,,2,Opponent,1,33,46,501
MSupfVkN_1782871303895,2026-06-30,Alex Boag-Munroe,,2,You,0,,,501
MSupfVkN_1782871303895,2026-06-30,Alex Boag-Munroe,,3,Opponent,1,30,58,501
MSupfVkN_1782871303895,2026-06-30,Alex Boag-Munroe,,3,You,0,,,501
4aP1L7RS_1783362291674,2026-07-06,Tom Tickner,DTT DEV TOUR #10,1,Opponent,1,43,20,501
4aP1L7RS_1783362291674,2026-07-06,Tom Tickner,DTT DEV TOUR #10,1,You,0,,,501
4aP1L7RS_1783362291674,2026-07-06,Tom Tickner,DTT DEV TOUR #10,2,Opponent,0,,,501
4aP1L7RS_1783362291674,2026-07-06,Tom Tickner,DTT DEV TOUR #10,2,You,1,35,16,501
4aP1L7RS_1783362291674,2026-07-06,Tom Tickner,DTT DEV TOUR #10,3,Opponent,0,,,501
4aP1L7RS_1783362291674,2026-07-06,Tom Tickner,DTT DEV TOUR #10,3,You,1,44,8,501
E1vprnge_1783360861113,2026-07-06,Kevin Newman,DTT DEV TOUR #10,1,Opponent,1,44,8,501
E1vprnge_1783360861113,2026-07-06,Kevin Newman,DTT DEV TOUR #10,1,You,0,,,501
E1vprnge_1783360861113,2026-07-06,Kevin Newman,DTT DEV TOUR #10,2,Opponent,0,,,501
E1vprnge_1783360861113,2026-07-06,Kevin Newman,DTT DEV TOUR #10,2,You,1,40,38,501
E1vprnge_1783360861113,2026-07-06,Kevin Newman,DTT DEV TOUR #10,3,Opponent,0,,,501
E1vprnge_1783360861113,2026-07-06,Kevin Newman,DTT DEV TOUR #10,3,You,1,41,32,501
Gzg3Lh2h_1783363730790,2026-07-06,Zak Louw,DTT DEV TOUR #10,1,You,0,,,501
Gzg3Lh2h_1783363730790,2026-07-06,Zak Louw,DTT DEV TOUR #10,1,Opponent,1,34,24,501
Gzg3Lh2h_1783363730790,2026-07-06,Zak Louw,DTT DEV TOUR #10,2,You,0,,,501
Gzg3Lh2h_1783363730790,2026-07-06,Zak Louw,DTT DEV TOUR #10,2,Opponent,1,33,61,501
fhYocEfq_1783364736394,2026-07-06,Alex Boag-Munroe,DTT DEV TOUR #10,1,Opponent,0,,,501
fhYocEfq_1783364736394,2026-07-06,Alex Boag-Munroe,DTT DEV TOUR #10,1,You,1,30,24,501
fhYocEfq_1783364736394,2026-07-06,Alex Boag-Munroe,DTT DEV TOUR #10,2,Opponent,1,41,5,501
fhYocEfq_1783364736394,2026-07-06,Alex Boag-Munroe,DTT DEV TOUR #10,2,You,0,,,501
fhYocEfq_1783364736394,2026-07-06,Alex Boag-Munroe,DTT DEV TOUR #10,3,Opponent,0,,,501
fhYocEfq_1783364736394,2026-07-06,Alex Boag-Munroe,DTT DEV TOUR #10,3,You,1,34,28,501
fhYocEfq_1783364736394,2026-07-06,Alex Boag-Munroe,DTT DEV TOUR #10,4,Opponent,1,33,73,501
fhYocEfq_1783364736394,2026-07-06,Alex Boag-Munroe,DTT DEV TOUR #10,4,You,0,,,501
fhYocEfq_1783364736394,2026-07-06,Alex Boag-Munroe,DTT DEV TOUR #10,5,Opponent,1,27,68,501
fhYocEfq_1783364736394,2026-07-06,Alex Boag-Munroe,DTT DEV TOUR #10,5,You,0,,,501
FmO4qbni_1783620136484,2026-07-09,Dave Elson,DTT WORLD CUP NIGHT #4,1,You,0,,,501
FmO4qbni_1783620136484,2026-07-09,Dave Elson,DTT WORLD CUP NIGHT #4,1,Opponent,1,22,40,501
FmO4qbni_1783620136484,2026-07-09,Dave Elson,DTT WORLD CUP NIGHT #4,2,You,0,,,501
FmO4qbni_1783620136484,2026-07-09,Dave Elson,DTT WORLD CUP NIGHT #4,2,Opponent,1,28,10,501
hhSuuDpQ_1783621642361,2026-07-09,Andy Mercier Morris,DTT WORLD CUP NIGHT #4,1,You,0,,,501
hhSuuDpQ_1783621642361,2026-07-09,Andy Mercier Morris,DTT WORLD CUP NIGHT #4,1,Opponent,1,21,58,501
hhSuuDpQ_1783621642361,2026-07-09,Andy Mercier Morris,DTT WORLD CUP NIGHT #4,2,You,0,,,501
hhSuuDpQ_1783621642361,2026-07-09,Andy Mercier Morris,DTT WORLD CUP NIGHT #4,2,Opponent,1,15,118,501
rVA5mwBn_1783620818745,2026-07-09,Edwin Iżykowski,DTT WORLD CUP NIGHT #4,1,You,0,,,501
rVA5mwBn_1783620818745,2026-07-09,Edwin Iżykowski,DTT WORLD CUP NIGHT #4,1,Opponent,1,37,32,501
rVA5mwBn_1783620818745,2026-07-09,Edwin Iżykowski,DTT WORLD CUP NIGHT #4,2,You,0,,,501
rVA5mwBn_1783620818745,2026-07-09,Edwin Iżykowski,DTT WORLD CUP NIGHT #4,2,Opponent,1,51,4,501
7DxO7ECl_1783966831771,2026-07-13,Dave Duncan,DTT DEV TOUR #11,1,Opponent,0,,,501
7DxO7ECl_1783966831771,2026-07-13,Dave Duncan,DTT DEV TOUR #11,1,You,1,40,20,501
7DxO7ECl_1783966831771,2026-07-13,Dave Duncan,DTT DEV TOUR #11,2,Opponent,1,32,60,501
7DxO7ECl_1783966831771,2026-07-13,Dave Duncan,DTT DEV TOUR #11,2,You,0,,,501
7DxO7ECl_1783966831771,2026-07-13,Dave Duncan,DTT DEV TOUR #11,3,Opponent,1,35,10,501
7DxO7ECl_1783966831771,2026-07-13,Dave Duncan,DTT DEV TOUR #11,3,You,0,,,501
OjZZnj5R_1783965698006,2026-07-13,Kevin Newman,DTT DEV TOUR #11,1,You,1,40,32,501
OjZZnj5R_1783965698006,2026-07-13,Kevin Newman,DTT DEV TOUR #11,1,Opponent,0,,,501
OjZZnj5R_1783965698006,2026-07-13,Kevin Newman,DTT DEV TOUR #11,2,You,0,,,501
OjZZnj5R_1783965698006,2026-07-13,Kevin Newman,DTT DEV TOUR #11,2,Opponent,1,28,10,501
OjZZnj5R_1783965698006,2026-07-13,Kevin Newman,DTT DEV TOUR #11,3,You,0,,,501
OjZZnj5R_1783965698006,2026-07-13,Kevin Newman,DTT DEV TOUR #11,3,Opponent,1,29,56,501
TAaFrGP4_1783968537552,2026-07-13,Dawid Siwek,DTT DEV TOUR #11,1,Opponent,1,31,8,501
TAaFrGP4_1783968537552,2026-07-13,Dawid Siwek,DTT DEV TOUR #11,1,You,0,,,501
TAaFrGP4_1783968537552,2026-07-13,Dawid Siwek,DTT DEV TOUR #11,2,Opponent,0,,,501
TAaFrGP4_1783968537552,2026-07-13,Dawid Siwek,DTT DEV TOUR #11,2,You,1,51,16,501
TAaFrGP4_1783968537552,2026-07-13,Dawid Siwek,DTT DEV TOUR #11,3,Opponent,1,28,30,501
TAaFrGP4_1783968537552,2026-07-13,Dawid Siwek,DTT DEV TOUR #11,3,You,0,,,501
LZINsLwZ_1784570482593,2026-07-20,Tom Tickner,DTT DEV TOUR #12,1,Opponent,1,27,40,501
LZINsLwZ_1784570482593,2026-07-20,Tom Tickner,DTT DEV TOUR #12,1,You,0,,,501
LZINsLwZ_1784570482593,2026-07-20,Tom Tickner,DTT DEV TOUR #12,2,Opponent,1,45,40,501
LZINsLwZ_1784570482593,2026-07-20,Tom Tickner,DTT DEV TOUR #12,2,You,0,,,501
M97OMH7B_1784571243251,2026-07-20,Edwin Iżykowski,DTT DEV TOUR #12,1,You,0,,,501
M97OMH7B_1784571243251,2026-07-20,Edwin Iżykowski,DTT DEV TOUR #12,1,Opponent,1,38,40,501
M97OMH7B_1784571243251,2026-07-20,Edwin Iżykowski,DTT DEV TOUR #12,2,You,1,23,22,501
M97OMH7B_1784571243251,2026-07-20,Edwin Iżykowski,DTT DEV TOUR #12,2,Opponent,0,,,501
M97OMH7B_1784571243251,2026-07-20,Edwin Iżykowski,DTT DEV TOUR #12,3,You,0,,,501
M97OMH7B_1784571243251,2026-07-20,Edwin Iżykowski,DTT DEV TOUR #12,3,Opponent,1,34,2,501
VAnLzdWf_1784572274040,2026-07-20,wayne green,DTT DEV TOUR #12,1,Opponent,0,,,501
VAnLzdWf_1784572274040,2026-07-20,wayne green,DTT DEV TOUR #12,1,You,1,42,36,501
VAnLzdWf_1784572274040,2026-07-20,wayne green,DTT DEV TOUR #12,2,Opponent,0,,,501
VAnLzdWf_1784572274040,2026-07-20,wayne green,DTT DEV TOUR #12,2,You,1,28,28,501
BooFUTDy_1784829590725,2026-07-23,Liam Chivers,DTT WORLD CUP FINALS NIGHT,1,Opponent,1,13,14,501
BooFUTDy_1784829590725,2026-07-23,Liam Chivers,DTT WORLD CUP FINALS NIGHT,1,You,0,,,501
BooFUTDy_1784829590725,2026-07-23,Liam Chivers,DTT WORLD CUP FINALS NIGHT,2,Opponent,1,19,32,501
BooFUTDy_1784829590725,2026-07-23,Liam Chivers,DTT WORLD CUP FINALS NIGHT,2,You,0,,,501
IhX5m28p_1784831856944,2026-07-23,Ray Plater,DTT WORLD CUP FINALS NIGHT,1,You,0,,,501
IhX5m28p_1784831856944,2026-07-23,Ray Plater,DTT WORLD CUP FINALS NIGHT,1,Opponent,1,28,2,501
IhX5m28p_1784831856944,2026-07-23,Ray Plater,DTT WORLD CUP FINALS NIGHT,2,You,0,,,501
IhX5m28p_1784831856944,2026-07-23,Ray Plater,DTT WORLD CUP FINALS NIGHT,2,Opponent,1,24,62,501
OnpcuTh8_1784831092171,2026-07-23,Neil Moore,DTT WORLD CUP FINALS NIGHT,1,Opponent,1,34,10,501
OnpcuTh8_1784831092171,2026-07-23,Neil Moore,DTT WORLD CUP FINALS NIGHT,1,You,0,,,501
OnpcuTh8_1784831092171,2026-07-23,Neil Moore,DTT WORLD CUP FINALS NIGHT,2,Opponent,1,30,50,501
OnpcuTh8_1784831092171,2026-07-23,Neil Moore,DTT WORLD CUP FINALS NIGHT,2,You,0,,,501
YqyrpxRo_1784833283557,2026-07-23,Dawid Kopelciw,DTT WORLD CUP FINALS NIGHT,1,You,1,34,8,501
YqyrpxRo_1784833283557,2026-07-23,Dawid Kopelciw,DTT WORLD CUP FINALS NIGHT,1,Opponent,0,,,501
YqyrpxRo_1784833283557,2026-07-23,Dawid Kopelciw,DTT WORLD CUP FINALS NIGHT,2,You,1,38,4,501
YqyrpxRo_1784833283557,2026-07-23,Dawid Kopelciw,DTT WORLD CUP FINALS NIGHT,2,Opponent,0,,,501
v32rEadI_1784830212931,2026-07-23,Crazy Kyle 1611,DTT WORLD CUP FINALS NIGHT,1,You,0,,,501
v32rEadI_1784830212931,2026-07-23,Crazy Kyle 1611,DTT WORLD CUP FINALS NIGHT,1,Opponent,1,23,20,501
v32rEadI_1784830212931,2026-07-23,Crazy Kyle 1611,DTT WORLD CUP FINALS NIGHT,2,You,0,,,501
v32rEadI_1784830212931,2026-07-23,Crazy Kyle 1611,DTT WORLD CUP FINALS NIGHT,2,Opponent,1,38,2,501
6KNinFlw_1784916701373,2026-07-24,Jamie Brown,DTT Wheel Of Mystery Qualifier 3,1,You,0,,,501
6KNinFlw_1784916701373,2026-07-24,Jamie Brown,DTT Wheel Of Mystery Qualifier 3,1,Opponent,1,17,40,501
6KNinFlw_1784916701373,2026-07-24,Jamie Brown,DTT Wheel Of Mystery Qualifier 3,2,You,0,,,501
6KNinFlw_1784916701373,2026-07-24,Jamie Brown,DTT Wheel Of Mystery Qualifier 3,2,Opponent,1,27,74,501
6KNinFlw_1784916701373,2026-07-24,Jamie Brown,DTT Wheel Of Mystery Qualifier 3,3,You,0,,,501
6KNinFlw_1784916701373,2026-07-24,Jamie Brown,DTT Wheel Of Mystery Qualifier 3,3,Opponent,1,27,5,501
AmToulGe_1784917282436,2026-07-24,Ged Lightfoot,DTT Wheel Of Mystery Qualifier 3,1,Opponent,0,,,501
AmToulGe_1784917282436,2026-07-24,Ged Lightfoot,DTT Wheel Of Mystery Qualifier 3,1,You,1,28,40,501
AmToulGe_1784917282436,2026-07-24,Ged Lightfoot,DTT Wheel Of Mystery Qualifier 3,2,Opponent,1,33,32,501
AmToulGe_1784917282436,2026-07-24,Ged Lightfoot,DTT Wheel Of Mystery Qualifier 3,2,You,0,,,501
AmToulGe_1784917282436,2026-07-24,Ged Lightfoot,DTT Wheel Of Mystery Qualifier 3,3,Opponent,1,25,32,501
AmToulGe_1784917282436,2026-07-24,Ged Lightfoot,DTT Wheel Of Mystery Qualifier 3,3,You,0,,,501
AmToulGe_1784917282436,2026-07-24,Ged Lightfoot,DTT Wheel Of Mystery Qualifier 3,4,Opponent,0,,,501
AmToulGe_1784917282436,2026-07-24,Ged Lightfoot,DTT Wheel Of Mystery Qualifier 3,4,You,1,59,4,501
AmToulGe_1784917282436,2026-07-24,Ged Lightfoot,DTT Wheel Of Mystery Qualifier 3,5,Opponent,1,24,6,501
AmToulGe_1784917282436,2026-07-24,Ged Lightfoot,DTT Wheel Of Mystery Qualifier 3,5,You,0,,,501
YPoRhgLx_1784920453794,2026-07-24,Zak Louw,DTT Wheel Of Mystery Qualifier 3,1,Opponent,1,31,14,501
YPoRhgLx_1784920453794,2026-07-24,Zak Louw,DTT Wheel Of Mystery Qualifier 3,1,You,0,,,501
YPoRhgLx_1784920453794,2026-07-24,Zak Louw,DTT Wheel Of Mystery Qualifier 3,2,Opponent,1,20,57,501
YPoRhgLx_1784920453794,2026-07-24,Zak Louw,DTT Wheel Of Mystery Qualifier 3,2,You,0,,,501
YPoRhgLx_1784920453794,2026-07-24,Zak Louw,DTT Wheel Of Mystery Qualifier 3,3,Opponent,1,27,42,501
YPoRhgLx_1784920453794,2026-07-24,Zak Louw,DTT Wheel Of Mystery Qualifier 3,3,You,0,,,501
q2Ov1Qs9_1784918966939,2026-07-24,Edwin Iżykowski,DTT Wheel Of Mystery Qualifier 3,1,You,0,,,501
q2Ov1Qs9_1784918966939,2026-07-24,Edwin Iżykowski,DTT Wheel Of Mystery Qualifier 3,1,Opponent,1,31,14,501
q2Ov1Qs9_1784918966939,2026-07-24,Edwin Iżykowski,DTT Wheel Of Mystery Qualifier 3,2,You,1,54,5,501
q2Ov1Qs9_1784918966939,2026-07-24,Edwin Iżykowski,DTT Wheel Of Mystery Qualifier 3,2,Opponent,0,,,501
q2Ov1Qs9_1784918966939,2026-07-24,Edwin Iżykowski,DTT Wheel Of Mystery Qualifier 3,3,You,1,36,4,501
q2Ov1Qs9_1784918966939,2026-07-24,Edwin Iżykowski,DTT Wheel Of Mystery Qualifier 3,3,Opponent,0,,,501
q2Ov1Qs9_1784918966939,2026-07-24,Edwin Iżykowski,DTT Wheel Of Mystery Qualifier 3,4,You,0,,,501
q2Ov1Qs9_1784918966939,2026-07-24,Edwin Iżykowski,DTT Wheel Of Mystery Qualifier 3,4,Opponent,1,34,22,501
q2Ov1Qs9_1784918966939,2026-07-24,Edwin Iżykowski,DTT Wheel Of Mystery Qualifier 3,5,You,0,,,501
q2Ov1Qs9_1784918966939,2026-07-24,Edwin Iżykowski,DTT Wheel Of Mystery Qualifier 3,5,Opponent,1,38,20,501
gX4qEMhf_1785175345336,2026-07-27,Bennie Copeland,DTT DEV TOUR SEASON ONE FINALS NIGHT,1,Opponent,0,,,501
gX4qEMhf_1785175345336,2026-07-27,Bennie Copeland,DTT DEV TOUR SEASON ONE FINALS NIGHT,1,You,1,82,6,501
gX4qEMhf_1785175345336,2026-07-27,Bennie Copeland,DTT DEV TOUR SEASON ONE FINALS NIGHT,2,Opponent,1,42,4,501
gX4qEMhf_1785175345336,2026-07-27,Bennie Copeland,DTT DEV TOUR SEASON ONE FINALS NIGHT,2,You,0,,,501
gX4qEMhf_1785175345336,2026-07-27,Bennie Copeland,DTT DEV TOUR SEASON ONE FINALS NIGHT,3,Opponent,1,32,16,501
gX4qEMhf_1785175345336,2026-07-27,Bennie Copeland,DTT DEV TOUR SEASON ONE FINALS NIGHT,3,You,0,,,501
gX4qEMhf_1785175345336,2026-07-27,Bennie Copeland,DTT DEV TOUR SEASON ONE FINALS NIGHT,4,Opponent,0,,,501
gX4qEMhf_1785175345336,2026-07-27,Bennie Copeland,DTT DEV TOUR SEASON ONE FINALS NIGHT,4,You,1,47,10,501
gX4qEMhf_1785175345336,2026-07-27,Bennie Copeland,DTT DEV TOUR SEASON ONE FINALS NIGHT,5,Opponent,0,,,501
gX4qEMhf_1785175345336,2026-07-27,Bennie Copeland,DTT DEV TOUR SEASON ONE FINALS NIGHT,5,You,1,43,16,501
gX4qEMhf_1785175345336,2026-07-27,Bennie Copeland,DTT DEV TOUR SEASON ONE FINALS NIGHT,6,Opponent,1,39,38,501
gX4qEMhf_1785175345336,2026-07-27,Bennie Copeland,DTT DEV TOUR SEASON ONE FINALS NIGHT,6,You,0,,,501
gX4qEMhf_1785175345336,2026-07-27,Bennie Copeland,DTT DEV TOUR SEASON ONE FINALS NIGHT,7,Opponent,1,29,5,501
gX4qEMhf_1785175345336,2026-07-27,Bennie Copeland,DTT DEV TOUR SEASON ONE FINALS NIGHT,7,You,0,,,501
gX4qEMhf_1785175345336,2026-07-27,Bennie Copeland,DTT DEV TOUR SEASON ONE FINALS NIGHT,8,Opponent,1,47,8,501
gX4qEMhf_1785175345336,2026-07-27,Bennie Copeland,DTT DEV TOUR SEASON ONE FINALS NIGHT,8,You,0,,,501
EsnEKxug_1785435917375,2026-07-30,Dave Elson,DTT Thursday Throwdown 6,1,You,0,,,501
EsnEKxug_1785435917375,2026-07-30,Dave Elson,DTT Thursday Throwdown 6,1,Opponent,1,32,40,501
EsnEKxug_1785435917375,2026-07-30,Dave Elson,DTT Thursday Throwdown 6,2,You,0,,,501
EsnEKxug_1785435917375,2026-07-30,Dave Elson,DTT Thursday Throwdown 6,2,Opponent,1,21,50,501
GCJHGx7A_1785435377887,2026-07-30,Bjørn Sotkajærvi,DTT Thursday Throwdown 6,1,Opponent,1,23,16,501
GCJHGx7A_1785435377887,2026-07-30,Bjørn Sotkajærvi,DTT Thursday Throwdown 6,1,You,0,,,501
GCJHGx7A_1785435377887,2026-07-30,Bjørn Sotkajærvi,DTT Thursday Throwdown 6,2,Opponent,1,23,32,501
GCJHGx7A_1785435377887,2026-07-30,Bjørn Sotkajærvi,DTT Thursday Throwdown 6,2,You,0,,,501
nFGFYe6D_1785434421286,2026-07-30,Liam Chivers,DTT Thursday Throwdown 6,1,Opponent,1,26,32,501
nFGFYe6D_1785434421286,2026-07-30,Liam Chivers,DTT Thursday Throwdown 6,1,You,0,,,501
nFGFYe6D_1785434421286,2026-07-30,Liam Chivers,DTT Thursday Throwdown 6,2,Opponent,1,28,40,501
nFGFYe6D_1785434421286,2026-07-30,Liam Chivers,DTT Thursday Throwdown 6,2,You,0,,,501
lGCF6wqT_1785639912614,2026-08-01,Alex Boag-Munroe,,1,Opponent,1,30,36,501
lGCF6wqT_1785639912614,2026-08-01,Alex Boag-Munroe,,1,You,0,,,501
lGCF6wqT_1785639912614,2026-08-01,Alex Boag-Munroe,,2,Opponent,1,27,45,501
lGCF6wqT_1785639912614,2026-08-01,Alex Boag-Munroe,,2,You,0,,,501
tSbBy27C_1785638061602,2026-08-01,Alex Boag-Munroe,,1,Opponent,1,31,16,501
tSbBy27C_1785638061602,2026-08-01,Alex Boag-Munroe,,1,You,0,,,501
tSbBy27C_1785638061602,2026-08-01,Alex Boag-Munroe,,2,Opponent,0,,,501
tSbBy27C_1785638061602,2026-08-01,Alex Boag-Munroe,,2,You,1,38,5,501
tSbBy27C_1785638061602,2026-08-01,Alex Boag-Munroe,,3,Opponent,1,32,28,501
tSbBy27C_1785638061602,2026-08-01,Alex Boag-Munroe,,3,You,0,,,501
FXID8yPp_1785780053470,2026-08-03,Claudiu Toma,DTT Battle Of The Tours Dev Qualifier,1,Opponent,1,38,11,501
FXID8yPp_1785780053470,2026-08-03,Claudiu Toma,DTT Battle Of The Tours Dev Qualifier,1,You,0,,,501
FXID8yPp_1785780053470,2026-08-03,Claudiu Toma,DTT Battle Of The Tours Dev Qualifier,2,Opponent,1,39,31,501
FXID8yPp_1785780053470,2026-08-03,Claudiu Toma,DTT Battle Of The Tours Dev Qualifier,2,You,0,,,501
ye9fsqTc_1785782228109,2026-08-03,Zak Louw,DTT Battle Of The Tours Dev Qualifier,1,Opponent,1,35,30,501
ye9fsqTc_1785782228109,2026-08-03,Zak Louw,DTT Battle Of The Tours Dev Qualifier,1,You,0,,,501
ye9fsqTc_1785782228109,2026-08-03,Zak Louw,DTT Battle Of The Tours Dev Qualifier,2,Opponent,1,34,10,501
ye9fsqTc_1785782228109,2026-08-03,Zak Louw,DTT Battle Of The Tours Dev Qualifier,2,You,0,,,501
pqUT8UdI_1785983949521,2026-08-05,Alex Boag-Munroe,,1,Opponent,0,,,501
pqUT8UdI_1785983949521,2026-08-05,Alex Boag-Munroe,,1,You,1,40,4,501
pqUT8UdI_1785983949521,2026-08-05,Alex Boag-Munroe,,2,Opponent,0,,,501
pqUT8UdI_1785983949521,2026-08-05,Alex Boag-Munroe,,2,You,1,42,12,501
wAum2kdE_1785985350580,2026-08-05,Alex Boag-Munroe,,1,Opponent,1,33,36,501
wAum2kdE_1785985350580,2026-08-05,Alex Boag-Munroe,,1,You,0,,,501
wAum2kdE_1785985350580,2026-08-05,Alex Boag-Munroe,,2,Opponent,1,32,16,501
wAum2kdE_1785985350580,2026-08-05,Alex Boag-Munroe,,2,You,0,,,501
DkqxwxDZ_1786040754776,2026-08-06,krystian jurkowski,DTT Thursday Throwdown #7 (NEW),1,You,0,,,501
DkqxwxDZ_1786040754776,2026-08-06,krystian jurkowski,DTT Thursday Throwdown #7 (NEW),1,Opponent,1,36,4,501
DkqxwxDZ_1786040754776,2026-08-06,krystian jurkowski,DTT Thursday Throwdown #7 (NEW),2,You,0,,,501
DkqxwxDZ_1786040754776,2026-08-06,krystian jurkowski,DTT Thursday Throwdown #7 (NEW),2,Opponent,1,38,4,501
HOKdjwjb_1786039251714,2026-08-06,Graham Musto,DTT Thursday Throwdown #7 (NEW),1,You,0,,,501
HOKdjwjb_1786039251714,2026-08-06,Graham Musto,DTT Thursday Throwdown #7 (NEW),1,Opponent,1,39,2,501
HOKdjwjb_1786039251714,2026-08-06,Graham Musto,DTT Thursday Throwdown #7 (NEW),2,You,0,,,501
HOKdjwjb_1786039251714,2026-08-06,Graham Musto,DTT Thursday Throwdown #7 (NEW),2,Opponent,1,26,16,501
UQOzLYHk_1786042976198,2026-08-06,Zak Louw,DTT Thursday Throwdown #7 (NEW),1,Opponent,0,,,501
UQOzLYHk_1786042976198,2026-08-06,Zak Louw,DTT Thursday Throwdown #7 (NEW),1,You,1,46,16,501
UQOzLYHk_1786042976198,2026-08-06,Zak Louw,DTT Thursday Throwdown #7 (NEW),2,Opponent,0,,,501
UQOzLYHk_1786042976198,2026-08-06,Zak Louw,DTT Thursday Throwdown #7 (NEW),2,You,1,47,40,501
sGer2Nj3_1786041613443,2026-08-06,Johnny Vagn Hess Jessen,DTT Thursday Throwdown #7 (NEW),1,Opponent,0,,,501
sGer2Nj3_1786041613443,2026-08-06,Johnny Vagn Hess Jessen,DTT Thursday Throwdown #7 (NEW),1,You,1,27,117,501
sGer2Nj3_1786041613443,2026-08-06,Johnny Vagn Hess Jessen,DTT Thursday Throwdown #7 (NEW),2,Opponent,1,36,10,501
sGer2Nj3_1786041613443,2026-08-06,Johnny Vagn Hess Jessen,DTT Thursday Throwdown #7 (NEW),2,You,0,,,501
sGer2Nj3_1786041613443,2026-08-06,Johnny Vagn Hess Jessen,DTT Thursday Throwdown #7 (NEW),3,Opponent,1,29,23,501
sGer2Nj3_1786041613443,2026-08-06,Johnny Vagn Hess Jessen,DTT Thursday Throwdown #7 (NEW),3,You,0,,,501
AvoS6AQl_1786389955137,2026-08-10,Ged Lightfoot,DTT (S1) BATTLE OF THE TOURS NIGHT ONE (501 NIGHT),1,Opponent,1,33,4,501
AvoS6AQl_1786389955137,2026-08-10,Ged Lightfoot,DTT (S1) BATTLE OF THE TOURS NIGHT ONE (501 NIGHT),1,You,0,,,501
AvoS6AQl_1786389955137,2026-08-10,Ged Lightfoot,DTT (S1) BATTLE OF THE TOURS NIGHT ONE (501 NIGHT),2,Opponent,1,28,32,501
AvoS6AQl_1786389955137,2026-08-10,Ged Lightfoot,DTT (S1) BATTLE OF THE TOURS NIGHT ONE (501 NIGHT),2,You,0,,,501
AvoS6AQl_1786389955137,2026-08-10,Ged Lightfoot,DTT (S1) BATTLE OF THE TOURS NIGHT ONE (501 NIGHT),3,Opponent,0,,,501
AvoS6AQl_1786389955137,2026-08-10,Ged Lightfoot,DTT (S1) BATTLE OF THE TOURS NIGHT ONE (501 NIGHT),3,You,1,31,40,501
AvoS6AQl_1786389955137,2026-08-10,Ged Lightfoot,DTT (S1) BATTLE OF THE TOURS NIGHT ONE (501 NIGHT),4,Opponent,1,23,58,501
AvoS6AQl_1786389955137,2026-08-10,Ged Lightfoot,DTT (S1) BATTLE OF THE TOURS NIGHT ONE (501 NIGHT),4,You,0,,,501
LMoilbtI_1786391811485,2026-08-10,Jack Daffin,DTT (S1) BATTLE OF THE TOURS NIGHT ONE (501 NIGHT),1,Opponent,1,33,64,501
LMoilbtI_1786391811485,2026-08-10,Jack Daffin,DTT (S1) BATTLE OF THE TOURS NIGHT ONE (501 NIGHT),1,You,0,,,501
LMoilbtI_1786391811485,2026-08-10,Jack Daffin,DTT (S1) BATTLE OF THE TOURS NIGHT ONE (501 NIGHT),2,Opponent,1,30,72,501
LMoilbtI_1786391811485,2026-08-10,Jack Daffin,DTT (S1) BATTLE OF THE TOURS NIGHT ONE (501 NIGHT),2,You,0,,,501
LMoilbtI_1786391811485,2026-08-10,Jack Daffin,DTT (S1) BATTLE OF THE TOURS NIGHT ONE (501 NIGHT),3,Opponent,0,,,501
LMoilbtI_1786391811485,2026-08-10,Jack Daffin,DTT (S1) BATTLE OF THE TOURS NIGHT ONE (501 NIGHT),3,You,1,30,66,501
LMoilbtI_1786391811485,2026-08-10,Jack Daffin,DTT (S1) BATTLE OF THE TOURS NIGHT ONE (501 NIGHT),4,Opponent,0,,,501
LMoilbtI_1786391811485,2026-08-10,Jack Daffin,DTT (S1) BATTLE OF THE TOURS NIGHT ONE (501 NIGHT),4,You,1,48,9,501
SmtUAhJG_1786385981428,2026-08-10,Shaun White,DTT (S1) BATTLE OF THE TOURS NIGHT ONE (501 NIGHT),1,You,0,,,501
SmtUAhJG_1786385981428,2026-08-10,Shaun White,DTT (S1) BATTLE OF THE TOURS NIGHT ONE (501 NIGHT),1,Opponent,1,29,8,501
SmtUAhJG_1786385981428,2026-08-10,Shaun White,DTT (S1) BATTLE OF THE TOURS NIGHT ONE (501 NIGHT),2,You,0,,,501
SmtUAhJG_1786385981428,2026-08-10,Shaun White,DTT (S1) BATTLE OF THE TOURS NIGHT ONE (501 NIGHT),2,Opponent,1,45,4,501
SmtUAhJG_1786385981428,2026-08-10,Shaun White,DTT (S1) BATTLE OF THE TOURS NIGHT ONE (501 NIGHT),3,You,0,,,501
SmtUAhJG_1786385981428,2026-08-10,Shaun White,DTT (S1) BATTLE OF THE TOURS NIGHT ONE (501 NIGHT),3,Opponent,1,38,5,501
U8x1iny6_1786387311001,2026-08-10,ADRIAN DITIU,DTT (S1) BATTLE OF THE TOURS NIGHT ONE (501 NIGHT),1,You,0,,,501
U8x1iny6_1786387311001,2026-08-10,ADRIAN DITIU,DTT (S1) BATTLE OF THE TOURS NIGHT ONE (501 NIGHT),1,Opponent,1,25,32,501
U8x1iny6_1786387311001,2026-08-10,ADRIAN DITIU,DTT (S1) BATTLE OF THE TOURS NIGHT ONE (501 NIGHT),2,You,0,,,501
U8x1iny6_1786387311001,2026-08-10,ADRIAN DITIU,DTT (S1) BATTLE OF THE TOURS NIGHT ONE (501 NIGHT),2,Opponent,1,26,80,501
U8x1iny6_1786387311001,2026-08-10,ADRIAN DITIU,DTT (S1) BATTLE OF THE TOURS NIGHT ONE (501 NIGHT),3,You,0,,,501
U8x1iny6_1786387311001,2026-08-10,ADRIAN DITIU,DTT (S1) BATTLE OF THE TOURS NIGHT ONE (501 NIGHT),3,Opponent,1,23,54,501
fZFdrXHj_1786388536410,2026-08-10,Mark Douglas,DTT (S1) BATTLE OF THE TOURS NIGHT ONE (501 NIGHT),1,Opponent,1,30,44,501
fZFdrXHj_1786388536410,2026-08-10,Mark Douglas,DTT (S1) BATTLE OF THE TOURS NIGHT ONE (501 NIGHT),1,You,0,,,501
fZFdrXHj_1786388536410,2026-08-10,Mark Douglas,DTT (S1) BATTLE OF THE TOURS NIGHT ONE (501 NIGHT),2,Opponent,0,,,501
fZFdrXHj_1786388536410,2026-08-10,Mark Douglas,DTT (S1) BATTLE OF THE TOURS NIGHT ONE (501 NIGHT),2,You,1,39,8,501
fZFdrXHj_1786388536410,2026-08-10,Mark Douglas,DTT (S1) BATTLE OF THE TOURS NIGHT ONE (501 NIGHT),3,Opponent,1,28,24,501
fZFdrXHj_1786388536410,2026-08-10,Mark Douglas,DTT (S1) BATTLE OF THE TOURS NIGHT ONE (501 NIGHT),3,You,0,,,501
fZFdrXHj_1786388536410,2026-08-10,Mark Douglas,DTT (S1) BATTLE OF THE TOURS NIGHT ONE (501 NIGHT),4,Opponent,1,26,20,501
fZFdrXHj_1786388536410,2026-08-10,Mark Douglas,DTT (S1) BATTLE OF THE TOURS NIGHT ONE (501 NIGHT),4,You,0,,,501
ykdJLVuc_1786384812905,2026-08-10,Ashley Johnson,DTT (S1) BATTLE OF THE TOURS NIGHT ONE (501 NIGHT),1,Opponent,1,25,28,501
ykdJLVuc_1786384812905,2026-08-10,Ashley Johnson,DTT (S1) BATTLE OF THE TOURS NIGHT ONE (501 NIGHT),1,You,0,,,501
ykdJLVuc_1786384812905,2026-08-10,Ashley Johnson,DTT (S1) BATTLE OF THE TOURS NIGHT ONE (501 NIGHT),2,Opponent,1,23,39,501
ykdJLVuc_1786384812905,2026-08-10,Ashley Johnson,DTT (S1) BATTLE OF THE TOURS NIGHT ONE (501 NIGHT),2,You,0,,,501
ykdJLVuc_1786384812905,2026-08-10,Ashley Johnson,DTT (S1) BATTLE OF THE TOURS NIGHT ONE (501 NIGHT),3,Opponent,1,35,4,501
ykdJLVuc_1786384812905,2026-08-10,Ashley Johnson,DTT (S1) BATTLE OF THE TOURS NIGHT ONE (501 NIGHT),3,You,0,,,501
Iz7f67y1_1786644072570,2026-08-13,krystian jurkowski,DTT Thursday Throwdown 8,1,Opponent,1,25,10,501
Iz7f67y1_1786644072570,2026-08-13,krystian jurkowski,DTT Thursday Throwdown 8,1,You,0,,,501
Iz7f67y1_1786644072570,2026-08-13,krystian jurkowski,DTT Thursday Throwdown 8,2,Opponent,1,30,16,501
Iz7f67y1_1786644072570,2026-08-13,krystian jurkowski,DTT Thursday Throwdown 8,2,You,0,,,501
NEIzWBNi_1786647181970,2026-08-13,Dave Elson,DTT Thursday Throwdown 8,1,Opponent,1,26,40,501
NEIzWBNi_1786647181970,2026-08-13,Dave Elson,DTT Thursday Throwdown 8,1,You,0,,,501
NEIzWBNi_1786647181970,2026-08-13,Dave Elson,DTT Thursday Throwdown 8,2,Opponent,1,27,93,501
NEIzWBNi_1786647181970,2026-08-13,Dave Elson,DTT Thursday Throwdown 8,2,You,0,,,501
pl4NKmMn_1786645462137,2026-08-13,Davie,DTT Thursday Throwdown 8,1,Opponent,1,26,68,501
pl4NKmMn_1786645462137,2026-08-13,Davie,DTT Thursday Throwdown 8,1,You,0,,,501
pl4NKmMn_1786645462137,2026-08-13,Davie,DTT Thursday Throwdown 8,2,Opponent,1,37,2,501
pl4NKmMn_1786645462137,2026-08-13,Davie,DTT Thursday Throwdown 8,2,You,0,,,501
uNzJAxLn_1786646150325,2026-08-13,Jeremy Tavener,DTT Thursday Throwdown 8,1,You,0,,,501
uNzJAxLn_1786646150325,2026-08-13,Jeremy Tavener,DTT Thursday Throwdown 8,1,Opponent,1,43,16,501
uNzJAxLn_1786646150325,2026-08-13,Jeremy Tavener,DTT Thursday Throwdown 8,2,You,0,,,501
uNzJAxLn_1786646150325,2026-08-13,Jeremy Tavener,DTT Thursday Throwdown 8,2,Opponent,1,32,40,501
V70M7Yob_1786720381664,2026-08-14,Dan Greenwood,DTT ONLINE DARTS LEAGUES (SEASON ONE) DIVISION FIVE,1,Opponent,0,,,501
V70M7Yob_1786720381664,2026-08-14,Dan Greenwood,DTT ONLINE DARTS LEAGUES (SEASON ONE) DIVISION FIVE,1,You,1,61,2,501
V70M7Yob_1786720381664,2026-08-14,Dan Greenwood,DTT ONLINE DARTS LEAGUES (SEASON ONE) DIVISION FIVE,2,Opponent,1,43,2,501
V70M7Yob_1786720381664,2026-08-14,Dan Greenwood,DTT ONLINE DARTS LEAGUES (SEASON ONE) DIVISION FIVE,2,You,0,,,501
V70M7Yob_1786720381664,2026-08-14,Dan Greenwood,DTT ONLINE DARTS LEAGUES (SEASON ONE) DIVISION FIVE,3,Opponent,1,42,16,501
V70M7Yob_1786720381664,2026-08-14,Dan Greenwood,DTT ONLINE DARTS LEAGUES (SEASON ONE) DIVISION FIVE,3,You,0,,,501
V70M7Yob_1786720381664,2026-08-14,Dan Greenwood,DTT ONLINE DARTS LEAGUES (SEASON ONE) DIVISION FIVE,4,Opponent,0,,,501
V70M7Yob_1786720381664,2026-08-14,Dan Greenwood,DTT ONLINE DARTS LEAGUES (SEASON ONE) DIVISION FIVE,4,You,1,34,8,501
V70M7Yob_1786720381664,2026-08-14,Dan Greenwood,DTT ONLINE DARTS LEAGUES (SEASON ONE) DIVISION FIVE,5,Opponent,0,,,501
V70M7Yob_1786720381664,2026-08-14,Dan Greenwood,DTT ONLINE DARTS LEAGUES (SEASON ONE) DIVISION FIVE,5,You,1,55,4,501
V70M7Yob_1786720381664,2026-08-14,Dan Greenwood,DTT ONLINE DARTS LEAGUES (SEASON ONE) DIVISION FIVE,6,Opponent,0,,,501
V70M7Yob_1786720381664,2026-08-14,Dan Greenwood,DTT ONLINE DARTS LEAGUES (SEASON ONE) DIVISION FIVE,6,You,1,31,36,501
WhJAu3jh_1787018736110,2026-08-17,Alex Boag-Munroe,,1,Opponent,1,60,8,501
WhJAu3jh_1787018736110,2026-08-17,Alex Boag-Munroe,,1,You,0,,,501
WhJAu3jh_1787018736110,2026-08-17,Alex Boag-Munroe,,2,Opponent,1,34,4,501
WhJAu3jh_1787018736110,2026-08-17,Alex Boag-Munroe,,2,You,0,,,501
WhJAu3jh_1787018736110,2026-08-17,Alex Boag-Munroe,,3,Opponent,0,,,501
WhJAu3jh_1787018736110,2026-08-17,Alex Boag-Munroe,,3,You,1,38,28,501
WhJAu3jh_1787018736110,2026-08-17,Alex Boag-Munroe,,4,Opponent,1,61,2,501
WhJAu3jh_1787018736110,2026-08-17,Alex Boag-Munroe,,4,You,0,,,501
lw1OZcn0_1787017677538,2026-08-17,Alex Boag-Munroe,,1,Opponent,1,35,59,501
lw1OZcn0_1787017677538,2026-08-17,Alex Boag-Munroe,,1,You,0,,,501
lw1OZcn0_1787017677538,2026-08-17,Alex Boag-Munroe,,2,Opponent,1,27,80,501
lw1OZcn0_1787017677538,2026-08-17,Alex Boag-Munroe,,2,You,0,,,501
